0 verbose cli C:\Program Files\nodejs\node.exe C:\Program Files\nodejs\node_modules\npm\bin\npm-cli.js
1 info using npm@10.9.2
2 info using node@v22.14.0
3 silly config load:file:C:\Program Files\nodejs\node_modules\npm\npmrc
4 silly config load:file:D:\Pookiz\vividcut\.npmrc
5 silly config load:file:C:\Users\Arpit Pandey\.npmrc
6 silly config load:file:C:\Users\Arpit Pandey\AppData\Roaming\npm\etc\npmrc
7 verbose title npm install @imgly/background-removal upscaler @tensorflow/tfjs @tensorflow/tfjs-backend-wasm @tensorflow/tfjs-backend-webgpu @upscalerjs/esrgan-slim piexifjs lucide-react canvas-confetti
8 verbose argv "install" "@imgly/background-removal" "upscaler" "@tensorflow/tfjs" "@tensorflow/tfjs-backend-wasm" "@tensorflow/tfjs-backend-webgpu" "@upscalerjs/esrgan-slim" "piexifjs" "lucide-react" "canvas-confetti"
9 verbose logfile logs-max:10 dir:d:\Pookiz\.npm-cache\_logs\2026-07-18T18_18_32_568Z-
10 verbose logfile d:\Pookiz\.npm-cache\_logs\2026-07-18T18_18_32_568Z-debug-0.log
11 silly logfile done cleaning log files
12 silly packumentCache heap:4345298944 maxSize:1086324736 maxEntrySize:543162368
13 silly idealTree buildDeps
14 silly fetch manifest @imgly/background-removal@*
15 silly packumentCache full:https://registry.npmjs.org/@imgly%2fbackground-removal cache-miss
16 http fetch GET 200 https://registry.npmjs.org/@imgly%2fbackground-removal 1436ms (cache miss)
17 silly packumentCache full:https://registry.npmjs.org/@imgly%2fbackground-removal set size:undefined disposed:false
18 silly fetch manifest onnxruntime-web@1.21.0
19 silly packumentCache full:https://registry.npmjs.org/onnxruntime-web cache-miss
20 http fetch GET 200 https://registry.npmjs.org/onnxruntime-web 1192ms (cache miss)
21 silly packumentCache full:https://registry.npmjs.org/onnxruntime-web set size:undefined disposed:false
22 silly fetch manifest upscaler@*
23 silly packumentCache full:https://registry.npmjs.org/upscaler cache-miss
24 http fetch GET 200 https://registry.npmjs.org/upscaler 522ms (cache miss)
25 silly packumentCache full:https://registry.npmjs.org/upscaler set size:undefined disposed:false
26 silly fetch manifest @tensorflow/tfjs@*
27 silly packumentCache full:https://registry.npmjs.org/@tensorflow%2ftfjs cache-miss
28 http fetch GET 200 https://registry.npmjs.org/@tensorflow%2ftfjs 1052ms (cache miss)
29 silly packumentCache full:https://registry.npmjs.org/@tensorflow%2ftfjs set size:undefined disposed:false
30 silly fetch manifest @tensorflow/tfjs@~4.11.0
31 silly packumentCache full:https://registry.npmjs.org/@tensorflow%2ftfjs cache-miss
32 http cache https://registry.npmjs.org/@tensorflow%2ftfjs 12ms (cache hit)
33 silly packumentCache full:https://registry.npmjs.org/@tensorflow%2ftfjs set size:733945 disposed:false
34 silly fetch manifest @tensorflow/tfjs-backend-wasm@*
35 silly packumentCache full:https://registry.npmjs.org/@tensorflow%2ftfjs-backend-wasm cache-miss
36 http fetch GET 200 https://registry.npmjs.org/@tensorflow%2ftfjs-backend-wasm 854ms (cache miss)
37 silly packumentCache full:https://registry.npmjs.org/@tensorflow%2ftfjs-backend-wasm set size:undefined disposed:false
38 silly fetch manifest @tensorflow/tfjs-core@4.22.0
39 silly packumentCache full:https://registry.npmjs.org/@tensorflow%2ftfjs-core cache-miss
40 http fetch GET 200 https://registry.npmjs.org/@tensorflow%2ftfjs-core 948ms (cache miss)
41 silly packumentCache full:https://registry.npmjs.org/@tensorflow%2ftfjs-core set size:undefined disposed:false
42 silly fetch manifest @tensorflow/tfjs-backend-webgpu@*
43 silly packumentCache full:https://registry.npmjs.org/@tensorflow%2ftfjs-backend-webgpu cache-miss
44 http fetch GET 200 https://registry.npmjs.org/@tensorflow%2ftfjs-backend-webgpu 1087ms (cache miss)
45 silly packumentCache full:https://registry.npmjs.org/@tensorflow%2ftfjs-backend-webgpu set size:undefined disposed:false
46 silly fetch manifest @upscalerjs/esrgan-slim@*
47 silly packumentCache full:https://registry.npmjs.org/@upscalerjs%2fesrgan-slim cache-miss
48 http fetch GET 200 https://registry.npmjs.org/@upscalerjs%2fesrgan-slim 871ms (cache miss)
49 silly packumentCache full:https://registry.npmjs.org/@upscalerjs%2fesrgan-slim set size:undefined disposed:false
50 silly fetch manifest piexifjs@*
51 silly packumentCache full:https://registry.npmjs.org/piexifjs cache-miss
52 http fetch GET 200 https://registry.npmjs.org/piexifjs 365ms (cache miss)
53 silly packumentCache full:https://registry.npmjs.org/piexifjs set size:undefined disposed:false
54 silly fetch manifest lucide-react@*
55 silly packumentCache full:https://registry.npmjs.org/lucide-react cache-miss
56 http fetch GET 200 https://registry.npmjs.org/lucide-react 286ms (cache miss)
57 silly packumentCache full:https://registry.npmjs.org/lucide-react set size:undefined disposed:false
58 silly fetch manifest react@19.2.4
59 silly packumentCache full:https://registry.npmjs.org/react cache-miss
60 http cache https://registry.npmjs.org/react 23ms (cache hit)
61 silly packumentCache full:https://registry.npmjs.org/react set size:6805811 disposed:false
62 silly fetch manifest canvas-confetti@*
63 silly packumentCache full:https://registry.npmjs.org/canvas-confetti cache-miss
64 http fetch GET 200 https://registry.npmjs.org/canvas-confetti 372ms (cache miss)
65 silly packumentCache full:https://registry.npmjs.org/canvas-confetti set size:undefined disposed:false
66 silly placeDep ROOT @imgly/background-removal@1.7.0 OK for: vividcut@0.1.0 want: *
67 silly placeDep ROOT onnxruntime-web@1.21.0 OK for: @imgly/background-removal@1.7.0 want: 1.21.0
68 silly placeDep ROOT @tensorflow/tfjs@4.11.0 OK for: vividcut@0.1.0 want: *
69 silly placeDep ROOT @tensorflow/tfjs-backend-wasm@4.22.0 OK for: vividcut@0.1.0 want: *
70 silly placeDep ROOT @tensorflow/tfjs-core@4.22.0 OK for: @tensorflow/tfjs-backend-wasm@4.22.0 want: 4.22.0
71 silly placeDep ROOT @tensorflow/tfjs-backend-webgpu@4.22.0 OK for: vividcut@0.1.0 want: *
72 silly placeDep ROOT @upscalerjs/esrgan-slim@1.0.0 OK for: vividcut@0.1.0 want: *
73 silly placeDep ROOT canvas-confetti@1.9.4 OK for: vividcut@0.1.0 want: *
74 silly placeDep ROOT lucide-react@1.25.0 OK for: vividcut@0.1.0 want: *
75 silly placeDep ROOT piexifjs@1.0.6 OK for: vividcut@0.1.0 want: *
76 silly placeDep ROOT upscaler@1.0.0 OK for: vividcut@0.1.0 want: *
77 silly fetch manifest zod@^3.23.8
78 silly packumentCache full:https://registry.npmjs.org/zod cache-miss
79 silly fetch manifest ndarray@~1.0.0
80 silly packumentCache full:https://registry.npmjs.org/ndarray cache-miss
81 silly fetch manifest lodash-es@^4.17.21
82 silly packumentCache full:https://registry.npmjs.org/lodash-es cache-miss
83 silly fetch manifest long@^5.2.3
84 silly packumentCache full:https://registry.npmjs.org/long cache-miss
85 silly fetch manifest platform@^1.3.6
86 silly packumentCache full:https://registry.npmjs.org/platform cache-miss
87 silly fetch manifest protobufjs@^7.2.4
88 silly packumentCache full:https://registry.npmjs.org/protobufjs cache-miss
89 silly fetch manifest flatbuffers@^25.1.24
90 silly packumentCache full:https://registry.npmjs.org/flatbuffers cache-miss
91 silly fetch manifest guid-typescript@^1.0.9
92 silly packumentCache full:https://registry.npmjs.org/guid-typescript cache-miss
93 silly fetch manifest onnxruntime-common@1.21.0
94 silly packumentCache full:https://registry.npmjs.org/onnxruntime-common cache-miss
95 silly fetch manifest yargs@^16.0.3
96 silly packumentCache full:https://registry.npmjs.org/yargs cache-miss
97 silly fetch manifest core-js@3.29.1
98 silly packumentCache full:https://registry.npmjs.org/core-js cache-miss
99 silly fetch manifest argparse@^1.0.10
100 silly packumentCache full:https://registry.npmjs.org/argparse cache-miss
101 silly fetch manifest regenerator-runtime@^0.13.5
102 silly packumentCache full:https://registry.npmjs.org/regenerator-runtime cache-miss
103 silly fetch manifest @tensorflow/tfjs-core@4.11.0
104 silly packumentCache full:https://registry.npmjs.org/@tensorflow%2ftfjs-core cache-miss
105 silly fetch manifest @tensorflow/tfjs-data@4.11.0
106 silly packumentCache full:https://registry.npmjs.org/@tensorflow%2ftfjs-data cache-miss
107 http cache https://registry.npmjs.org/argparse 27ms (cache hit)
108 silly packumentCache full:https://registry.npmjs.org/argparse set size:51348 disposed:false
109 silly fetch manifest @tensorflow/tfjs-layers@4.11.0
110 silly packumentCache full:https://registry.npmjs.org/@tensorflow%2ftfjs-layers cache-miss
111 http cache https://registry.npmjs.org/zod 35ms (cache hit)
112 silly packumentCache full:https://registry.npmjs.org/zod set size:3552562 disposed:false
113 silly fetch manifest @tensorflow/tfjs-converter@4.11.0
114 silly packumentCache full:https://registry.npmjs.org/@tensorflow%2ftfjs-converter cache-miss
115 http cache https://registry.npmjs.org/@tensorflow%2ftfjs-core 63ms (cache hit)
116 silly packumentCache full:https://registry.npmjs.org/@tensorflow%2ftfjs-core set size:856686 disposed:false
117 silly fetch manifest @tensorflow/tfjs-backend-cpu@4.11.0
118 silly packumentCache full:https://registry.npmjs.org/@tensorflow%2ftfjs-backend-cpu cache-miss
119 http fetch GET 200 https://registry.npmjs.org/ndarray 380ms (cache miss)
120 silly packumentCache full:https://registry.npmjs.org/ndarray set size:undefined disposed:false
121 silly fetch manifest @tensorflow/tfjs-backend-webgl@4.11.0
122 silly packumentCache full:https://registry.npmjs.org/@tensorflow%2ftfjs-backend-webgl cache-miss
123 http fetch GET 200 https://registry.npmjs.org/regenerator-runtime 387ms (cache miss)
124 silly packumentCache full:https://registry.npmjs.org/regenerator-runtime set size:undefined disposed:false
125 silly fetch manifest @types/emscripten@~0.0.34
126 silly packumentCache full:https://registry.npmjs.org/@types%2femscripten cache-miss
127 http fetch GET 200 https://registry.npmjs.org/lodash-es 427ms (cache miss)
128 silly packumentCache full:https://registry.npmjs.org/lodash-es set size:undefined disposed:false
129 silly fetch manifest @tensorflow/tfjs-backend-cpu@4.22.0
130 silly packumentCache full:https://registry.npmjs.org/@tensorflow%2ftfjs-backend-cpu cache-miss
131 http fetch GET 200 https://registry.npmjs.org/protobufjs 493ms (cache miss)
132 silly packumentCache full:https://registry.npmjs.org/protobufjs set size:undefined disposed:false
133 silly fetch manifest long@4.0.0
134 silly packumentCache full:https://registry.npmjs.org/long cache-miss
135 http fetch GET 200 https://registry.npmjs.org/@types%2femscripten 123ms (cache miss)
136 silly packumentCache full:https://registry.npmjs.org/@types%2femscripten set size:undefined disposed:false
137 silly fetch manifest node-fetch@~2.6.1
138 silly packumentCache full:https://registry.npmjs.org/node-fetch cache-miss
139 http fetch GET 200 https://registry.npmjs.org/yargs 535ms (cache miss)
140 silly packumentCache full:https://registry.npmjs.org/yargs set size:undefined disposed:false
141 silly fetch manifest seedrandom@^3.0.5
142 silly packumentCache full:https://registry.npmjs.org/seedrandom cache-miss
143 http fetch GET 200 https://registry.npmjs.org/flatbuffers 620ms (cache miss)
144 silly packumentCache full:https://registry.npmjs.org/flatbuffers set size:undefined disposed:false
145 silly fetch manifest @types/long@^4.0.1
146 silly packumentCache full:https://registry.npmjs.org/@types%2flong cache-miss
147 http fetch GET 200 https://registry.npmjs.org/long 137ms (cache miss)
148 silly packumentCache full:https://registry.npmjs.org/long set size:undefined disposed:false
149 silly fetch manifest @webgpu/types@0.1.38
150 silly packumentCache full:https://registry.npmjs.org/@webgpu%2ftypes cache-miss
151 http fetch GET 200 https://registry.npmjs.org/long 642ms (cache miss)
152 silly packumentCache full:https://registry.npmjs.org/long set size:undefined disposed:false
153 silly fetch manifest @types/seedrandom@^2.4.28
154 silly packumentCache full:https://registry.npmjs.org/@types%2fseedrandom cache-miss
155 http fetch GET 200 https://registry.npmjs.org/platform 646ms (cache miss)
156 silly packumentCache full:https://registry.npmjs.org/platform set size:undefined disposed:false
157 silly fetch manifest @types/offscreencanvas@~2019.7.0
158 silly packumentCache full:https://registry.npmjs.org/@types%2foffscreencanvas cache-miss
159 http fetch GET 200 https://registry.npmjs.org/guid-typescript 649ms (cache miss)
160 silly packumentCache full:https://registry.npmjs.org/guid-typescript set size:undefined disposed:false
161 silly fetch manifest @tensorflow/tfjs-backend-cpu@4.22.0
162 silly packumentCache full:https://registry.npmjs.org/@tensorflow%2ftfjs-backend-cpu cache-miss
163 http fetch GET 200 https://registry.npmjs.org/onnxruntime-common 672ms (cache miss)
164 silly packumentCache full:https://registry.npmjs.org/onnxruntime-common set size:undefined disposed:false
165 silly fetch manifest wireit@^0.14.0
166 silly packumentCache full:https://registry.npmjs.org/wireit cache-miss
167 http fetch GET 200 https://registry.npmjs.org/@types%2flong 121ms (cache miss)
168 silly packumentCache full:https://registry.npmjs.org/@types%2flong set size:undefined disposed:false
169 silly fetch manifest @upscalerjs/default-model@1.0.0
170 silly packumentCache full:https://registry.npmjs.org/@upscalerjs%2fdefault-model cache-miss
171 http fetch GET 200 https://registry.npmjs.org/@webgpu%2ftypes 162ms (cache miss)
172 silly packumentCache full:https://registry.npmjs.org/@webgpu%2ftypes set size:undefined disposed:false
173 http fetch GET 200 https://registry.npmjs.org/node-fetch 313ms (cache miss)
174 silly packumentCache full:https://registry.npmjs.org/node-fetch set size:undefined disposed:false
175 http fetch GET 200 https://registry.npmjs.org/seedrandom 352ms (cache miss)
176 silly packumentCache full:https://registry.npmjs.org/seedrandom set size:undefined disposed:false
177 http fetch GET 200 https://registry.npmjs.org/core-js 923ms (cache miss)
178 silly packumentCache full:https://registry.npmjs.org/core-js set size:undefined disposed:false
179 http fetch GET 200 https://registry.npmjs.org/wireit 412ms (cache miss)
180 silly packumentCache full:https://registry.npmjs.org/wireit set size:undefined disposed:false
181 http fetch GET 200 https://registry.npmjs.org/@tensorflow%2ftfjs-backend-cpu 528ms (cache miss)
182 silly packumentCache full:https://registry.npmjs.org/@tensorflow%2ftfjs-backend-cpu set size:undefined disposed:false
183 http fetch GET 200 https://registry.npmjs.org/@tensorflow%2ftfjs-backend-cpu 1111ms (cache miss)
184 silly packumentCache full:https://registry.npmjs.org/@tensorflow%2ftfjs-backend-cpu set size:undefined disposed:false
185 http fetch GET 200 https://registry.npmjs.org/@tensorflow%2ftfjs-backend-cpu 754ms (cache miss)
186 silly packumentCache full:https://registry.npmjs.org/@tensorflow%2ftfjs-backend-cpu set size:undefined disposed:false
187 http fetch GET 200 https://registry.npmjs.org/@tensorflow%2ftfjs-converter 1177ms (cache miss)
188 silly packumentCache full:https://registry.npmjs.org/@tensorflow%2ftfjs-converter set size:undefined disposed:false
189 http fetch GET 200 https://registry.npmjs.org/@tensorflow%2ftfjs-layers 1234ms (cache miss)
190 silly packumentCache full:https://registry.npmjs.org/@tensorflow%2ftfjs-layers set size:undefined disposed:false
191 http fetch GET 200 https://registry.npmjs.org/@types%2foffscreencanvas 622ms (cache miss)
192 silly packumentCache full:https://registry.npmjs.org/@types%2foffscreencanvas set size:undefined disposed:false
193 http fetch GET 200 https://registry.npmjs.org/@types%2fseedrandom 627ms (cache miss)
194 silly packumentCache full:https://registry.npmjs.org/@types%2fseedrandom set size:undefined disposed:false
195 http fetch GET 200 https://registry.npmjs.org/@tensorflow%2ftfjs-backend-webgl 890ms (cache miss)
196 silly packumentCache full:https://registry.npmjs.org/@tensorflow%2ftfjs-backend-webgl set size:undefined disposed:false
197 http fetch GET 200 https://registry.npmjs.org/@upscalerjs%2fdefault-model 837ms (cache miss)
198 silly packumentCache full:https://registry.npmjs.org/@upscalerjs%2fdefault-model set size:undefined disposed:false
199 http fetch GET 200 https://registry.npmjs.org/@tensorflow%2ftfjs-data 1656ms (cache miss)
200 silly packumentCache full:https://registry.npmjs.org/@tensorflow%2ftfjs-data set size:undefined disposed:false
201 silly placeDep ROOT lodash-es@4.18.1 OK for: @imgly/background-removal@1.7.0 want: ^4.17.21
202 silly placeDep ROOT ndarray@1.0.19 OK for: @imgly/background-removal@1.7.0 want: ~1.0.0
203 silly placeDep node_modules/@imgly/background-removal zod@3.25.76 OK for: @imgly/background-removal@1.7.0 want: ^3.23.8
204 silly fetch manifest is-buffer@^1.0.2
205 silly packumentCache full:https://registry.npmjs.org/is-buffer cache-miss
206 silly fetch manifest iota-array@^1.0.0
207 silly packumentCache full:https://registry.npmjs.org/iota-array cache-miss
208 http fetch GET 200 https://registry.npmjs.org/iota-array 360ms (cache miss)
209 silly packumentCache full:https://registry.npmjs.org/iota-array set size:undefined disposed:false
210 http fetch GET 200 https://registry.npmjs.org/is-buffer 362ms (cache miss)
211 silly packumentCache full:https://registry.npmjs.org/is-buffer set size:undefined disposed:false
212 silly placeDep node_modules/@tensorflow/tfjs @tensorflow/tfjs-backend-cpu@4.11.0 OK for: @tensorflow/tfjs@4.11.0 want: 4.11.0
213 silly placeDep node_modules/@tensorflow/tfjs @tensorflow/tfjs-core@4.11.0 OK for: @tensorflow/tfjs-backend-cpu@4.11.0 want: 4.11.0
214 silly placeDep node_modules/@tensorflow/tfjs @tensorflow/tfjs-backend-webgl@4.11.0 OK for: @tensorflow/tfjs@4.11.0 want: 4.11.0
215 silly placeDep node_modules/@tensorflow/tfjs @tensorflow/tfjs-converter@4.11.0 OK for: @tensorflow/tfjs@4.11.0 want: 4.11.0
216 silly placeDep node_modules/@tensorflow/tfjs @tensorflow/tfjs-data@4.11.0 OK for: @tensorflow/tfjs@4.11.0 want: 4.11.0
217 silly placeDep ROOT seedrandom@3.0.5 OK for: @tensorflow/tfjs-data@4.11.0 want: ^3.0.5
218 silly placeDep node_modules/@tensorflow/tfjs @tensorflow/tfjs-layers@4.11.0 OK for: @tensorflow/tfjs@4.11.0 want: 4.11.0
219 silly placeDep node_modules/@tensorflow/tfjs argparse@1.0.10 OK for: @tensorflow/tfjs@4.11.0 want: ^1.0.10
220 silly placeDep ROOT core-js@3.29.1 OK for: @tensorflow/tfjs@4.11.0 want: 3.29.1
221 silly placeDep ROOT regenerator-runtime@0.13.11 OK for: @tensorflow/tfjs@4.11.0 want: ^0.13.5
222 silly placeDep ROOT yargs@16.2.2 OK for: @tensorflow/tfjs@4.11.0 want: ^16.0.3
223 silly fetch manifest @webgpu/types@0.1.30
224 silly packumentCache full:https://registry.npmjs.org/@webgpu%2ftypes cache-miss
225 silly fetch manifest @types/offscreencanvas@~2019.3.0
226 silly packumentCache full:https://registry.npmjs.org/@types%2foffscreencanvas cache-miss
227 silly fetch manifest string_decoder@^1.3.0
228 silly packumentCache full:https://registry.npmjs.org/string_decoder cache-miss
229 silly fetch manifest @types/node-fetch@^2.1.2
230 silly packumentCache full:https://registry.npmjs.org/@types%2fnode-fetch cache-miss
231 silly fetch manifest sprintf-js@~1.0.2
232 silly packumentCache full:https://registry.npmjs.org/sprintf-js cache-miss
233 silly fetch manifest y18n@^5.0.5
234 silly packumentCache full:https://registry.npmjs.org/y18n cache-miss
235 silly fetch manifest cliui@^7.0.2
236 silly packumentCache full:https://registry.npmjs.org/cliui cache-miss
237 silly fetch manifest string-width@^4.2.0
238 silly packumentCache full:https://registry.npmjs.org/string-width cache-miss
239 silly fetch manifest yargs-parser@^20.2.2
240 silly packumentCache full:https://registry.npmjs.org/yargs-parser cache-miss
241 silly fetch manifest get-caller-file@^2.0.5
242 silly packumentCache full:https://registry.npmjs.org/get-caller-file cache-miss
243 silly fetch manifest require-directory@^2.1.1
244 silly packumentCache full:https://registry.npmjs.org/require-directory cache-miss
245 http cache https://registry.npmjs.org/@types%2foffscreencanvas 16ms (cache hit)
246 silly packumentCache full:https://registry.npmjs.org/@types%2foffscreencanvas set size:23312 disposed:false
247 http cache https://registry.npmjs.org/@webgpu%2ftypes 18ms (cache hit)
248 silly packumentCache full:https://registry.npmjs.org/@webgpu%2ftypes set size:270149 disposed:false
249 http fetch GET 200 https://registry.npmjs.org/string_decoder 119ms (cache miss)
250 silly packumentCache full:https://registry.npmjs.org/string_decoder set size:undefined disposed:false
251 http fetch GET 200 https://registry.npmjs.org/y18n 207ms (cache miss)
252 silly packumentCache full:https://registry.npmjs.org/y18n set size:undefined disposed:false
253 http fetch GET 200 https://registry.npmjs.org/get-caller-file 207ms (cache miss)
254 silly packumentCache full:https://registry.npmjs.org/get-caller-file set size:undefined disposed:false
255 http fetch GET 200 https://registry.npmjs.org/require-directory 209ms (cache miss)
256 silly packumentCache full:https://registry.npmjs.org/require-directory set size:undefined disposed:false
257 http fetch GET 200 https://registry.npmjs.org/string-width 214ms (cache miss)
258 silly packumentCache full:https://registry.npmjs.org/string-width set size:undefined disposed:false
259 http fetch GET 200 https://registry.npmjs.org/cliui 215ms (cache miss)
260 silly packumentCache full:https://registry.npmjs.org/cliui set size:undefined disposed:false
261 http fetch GET 200 https://registry.npmjs.org/yargs-parser 217ms (cache miss)
262 silly packumentCache full:https://registry.npmjs.org/yargs-parser set size:undefined disposed:false
263 http fetch GET 200 https://registry.npmjs.org/sprintf-js 422ms (cache miss)
264 silly packumentCache full:https://registry.npmjs.org/sprintf-js set size:undefined disposed:false
265 http fetch GET 200 https://registry.npmjs.org/@types%2fnode-fetch 644ms (cache miss)
266 silly packumentCache full:https://registry.npmjs.org/@types%2fnode-fetch set size:undefined disposed:false
267 silly placeDep ROOT @tensorflow/tfjs-backend-cpu@4.22.0 OK for: @tensorflow/tfjs-backend-wasm@4.22.0 want: 4.22.0
268 silly placeDep ROOT @types/emscripten@0.0.34 OK for: @tensorflow/tfjs-backend-wasm@4.22.0 want: ~0.0.34
269 silly placeDep ROOT @types/seedrandom@2.4.34 OK for: @tensorflow/tfjs-backend-cpu@4.22.0 want: ^2.4.28
270 silly fetch manifest encoding@^0.1.0
271 silly packumentCache full:https://registry.npmjs.org/encoding cache-miss
272 http fetch GET 200 https://registry.npmjs.org/encoding 354ms (cache miss)
273 silly packumentCache full:https://registry.npmjs.org/encoding set size:undefined disposed:false
274 silly placeDep ROOT @types/long@4.0.2 OK for: @tensorflow/tfjs-core@4.22.0 want: ^4.0.1
275 silly placeDep ROOT @types/offscreencanvas@2019.7.3 OK for: @tensorflow/tfjs-core@4.22.0 want: ~2019.7.0
276 silly placeDep ROOT @webgpu/types@0.1.38 OK for: @tensorflow/tfjs-core@4.22.0 want: 0.1.38
277 silly placeDep ROOT long@4.0.0 OK for: @tensorflow/tfjs-core@4.22.0 want: 4.0.0
278 silly placeDep ROOT node-fetch@2.6.13 OK for: @tensorflow/tfjs-core@4.22.0 want: ~2.6.1
279 silly fetch manifest whatwg-url@^5.0.0
280 silly packumentCache full:https://registry.npmjs.org/whatwg-url cache-miss
281 http fetch GET 200 https://registry.npmjs.org/whatwg-url 128ms (cache miss)
282 silly packumentCache full:https://registry.npmjs.org/whatwg-url set size:undefined disposed:false
283 silly placeDep ROOT iota-array@1.0.0 OK for: ndarray@1.0.19 want: ^1.0.0
284 silly placeDep ROOT is-buffer@1.1.6 OK for: ndarray@1.0.19 want: ^1.0.2
285 silly placeDep ROOT whatwg-url@5.0.0 OK for: node-fetch@2.6.13 want: ^5.0.0
286 silly fetch manifest tr46@~0.0.3
287 silly packumentCache full:https://registry.npmjs.org/tr46 cache-miss
288 silly fetch manifest webidl-conversions@^3.0.0
289 silly packumentCache full:https://registry.npmjs.org/webidl-conversions cache-miss
290 http fetch GET 200 https://registry.npmjs.org/tr46 114ms (cache miss)
291 silly packumentCache full:https://registry.npmjs.org/tr46 set size:undefined disposed:false
292 http fetch GET 200 https://registry.npmjs.org/webidl-conversions 117ms (cache miss)
293 silly packumentCache full:https://registry.npmjs.org/webidl-conversions set size:undefined disposed:false
294 silly placeDep ROOT flatbuffers@25.9.23 OK for: onnxruntime-web@1.21.0 want: ^25.1.24
295 silly placeDep ROOT guid-typescript@1.0.9 OK for: onnxruntime-web@1.21.0 want: ^1.0.9
296 silly placeDep node_modules/onnxruntime-web long@5.3.2 OK for: onnxruntime-web@1.21.0 want: ^5.2.3
297 silly placeDep ROOT onnxruntime-common@1.21.0 OK for: onnxruntime-web@1.21.0 want: 1.21.0
298 silly placeDep ROOT platform@1.3.6 OK for: onnxruntime-web@1.21.0 want: ^1.3.6
299 silly placeDep ROOT protobufjs@7.6.5 OK for: onnxruntime-web@1.21.0 want: ^7.2.4
300 silly fetch manifest long@^5.3.2
301 silly packumentCache full:https://registry.npmjs.org/long cache-miss
302 silly fetch manifest @protobufjs/path@^1.1.2
303 silly packumentCache full:https://registry.npmjs.org/@protobufjs%2fpath cache-miss
304 silly fetch manifest @protobufjs/pool@^1.1.0
305 silly packumentCache full:https://registry.npmjs.org/@protobufjs%2fpool cache-miss
306 silly fetch manifest @protobufjs/utf8@^1.1.1
307 silly packumentCache full:https://registry.npmjs.org/@protobufjs%2futf8 cache-miss
308 silly fetch manifest @protobufjs/fetch@^1.1.1
309 silly packumentCache full:https://registry.npmjs.org/@protobufjs%2ffetch cache-miss
310 silly fetch manifest @protobufjs/float@^1.0.2
311 silly packumentCache full:https://registry.npmjs.org/@protobufjs%2ffloat cache-miss
312 silly fetch manifest @protobufjs/base64@^1.1.2
313 silly packumentCache full:https://registry.npmjs.org/@protobufjs%2fbase64 cache-miss
314 silly fetch manifest @protobufjs/codegen@^2.0.5
315 silly packumentCache full:https://registry.npmjs.org/@protobufjs%2fcodegen cache-miss
316 silly fetch manifest @protobufjs/aspromise@^1.1.2
317 silly packumentCache full:https://registry.npmjs.org/@protobufjs%2faspromise cache-miss
318 silly fetch manifest @protobufjs/eventemitter@^1.1.1
319 silly packumentCache full:https://registry.npmjs.org/@protobufjs%2feventemitter cache-miss
320 http cache https://registry.npmjs.org/long 16ms (cache hit)
321 silly packumentCache full:https://registry.npmjs.org/long set size:80704 disposed:false
322 http fetch GET 200 https://registry.npmjs.org/@protobufjs%2feventemitter 371ms (cache miss)
323 silly packumentCache full:https://registry.npmjs.org/@protobufjs%2feventemitter set size:undefined disposed:false
324 http fetch GET 200 https://registry.npmjs.org/@protobufjs%2ffloat 548ms (cache miss)
325 silly packumentCache full:https://registry.npmjs.org/@protobufjs%2ffloat set size:undefined disposed:false
326 http fetch GET 200 https://registry.npmjs.org/@protobufjs%2futf8 603ms (cache miss)
327 silly packumentCache full:https://registry.npmjs.org/@protobufjs%2futf8 set size:undefined disposed:false
328 http fetch GET 200 https://registry.npmjs.org/@protobufjs%2fcodegen 609ms (cache miss)
329 silly packumentCache full:https://registry.npmjs.org/@protobufjs%2fcodegen set size:undefined disposed:false
330 http fetch GET 200 https://registry.npmjs.org/@protobufjs%2ffetch 615ms (cache miss)
331 silly packumentCache full:https://registry.npmjs.org/@protobufjs%2ffetch set size:undefined disposed:false
332 http fetch GET 200 https://registry.npmjs.org/@protobufjs%2faspromise 673ms (cache miss)
333 silly packumentCache full:https://registry.npmjs.org/@protobufjs%2faspromise set size:undefined disposed:false
334 http fetch GET 200 https://registry.npmjs.org/@protobufjs%2fbase64 709ms (cache miss)
335 silly packumentCache full:https://registry.npmjs.org/@protobufjs%2fbase64 set size:undefined disposed:false
336 http fetch GET 200 https://registry.npmjs.org/@protobufjs%2fpath 798ms (cache miss)
337 silly packumentCache full:https://registry.npmjs.org/@protobufjs%2fpath set size:undefined disposed:false
338 http fetch GET 200 https://registry.npmjs.org/@protobufjs%2fpool 946ms (cache miss)
339 silly packumentCache full:https://registry.npmjs.org/@protobufjs%2fpool set size:undefined disposed:false
340 silly placeDep ROOT @protobufjs/aspromise@1.1.2 OK for: protobufjs@7.6.5 want: ^1.1.2
341 silly placeDep ROOT @protobufjs/base64@1.1.2 OK for: protobufjs@7.6.5 want: ^1.1.2
342 silly placeDep ROOT @protobufjs/codegen@2.0.5 OK for: protobufjs@7.6.5 want: ^2.0.5
343 silly placeDep ROOT @protobufjs/eventemitter@1.1.1 OK for: protobufjs@7.6.5 want: ^1.1.1
344 silly placeDep ROOT @protobufjs/fetch@1.1.1 OK for: protobufjs@7.6.5 want: ^1.1.1
345 silly placeDep ROOT @protobufjs/float@1.0.2 OK for: protobufjs@7.6.5 want: ^1.0.2
346 silly placeDep ROOT @protobufjs/path@1.1.2 OK for: protobufjs@7.6.5 want: ^1.1.2
347 silly placeDep ROOT @protobufjs/pool@1.1.0 OK for: protobufjs@7.6.5 want: ^1.1.0
348 silly placeDep ROOT @protobufjs/utf8@1.1.2 OK for: protobufjs@7.6.5 want: ^1.1.1
349 silly placeDep node_modules/protobufjs long@5.3.2 OK for: protobufjs@7.6.5 want: ^5.3.2
350 silly placeDep ROOT @upscalerjs/default-model@1.0.0 OK for: upscaler@1.0.0 want: 1.0.0
351 silly placeDep ROOT wireit@0.14.13 OK for: upscaler@1.0.0 want: ^0.14.0
352 silly fetch manifest brace-expansion@^5.0.6
353 silly packumentCache full:https://registry.npmjs.org/brace-expansion cache-miss
354 silly fetch manifest chokidar@^3.5.3
355 silly packumentCache full:https://registry.npmjs.org/chokidar cache-miss
356 silly fetch manifest jsonc-parser@^3.0.0
357 silly packumentCache full:https://registry.npmjs.org/jsonc-parser cache-miss
358 silly fetch manifest proper-lockfile@^4.1.2
359 silly packumentCache full:https://registry.npmjs.org/proper-lockfile cache-miss
360 http cache https://registry.npmjs.org/brace-expansion 8ms (cache hit)
361 silly packumentCache full:https://registry.npmjs.org/brace-expansion set size:78539 disposed:false
362 http fetch GET 200 https://registry.npmjs.org/jsonc-parser 272ms (cache miss)
363 silly packumentCache full:https://registry.npmjs.org/jsonc-parser set size:undefined disposed:false
364 http fetch GET 200 https://registry.npmjs.org/chokidar 286ms (cache miss)
365 silly packumentCache full:https://registry.npmjs.org/chokidar set size:undefined disposed:false
366 http fetch GET 200 https://registry.npmjs.org/proper-lockfile 526ms (cache miss)
367 silly packumentCache full:https://registry.npmjs.org/proper-lockfile set size:undefined disposed:false
368 silly placeDep ROOT tr46@0.0.3 OK for: whatwg-url@5.0.0 want: ~0.0.3
369 silly placeDep ROOT webidl-conversions@3.0.1 OK for: whatwg-url@5.0.0 want: ^3.0.0
370 silly placeDep node_modules/wireit brace-expansion@5.0.7 OK for: wireit@0.14.13 want: ^5.0.6
371 silly placeDep ROOT chokidar@3.6.0 OK for: wireit@0.14.13 want: ^3.5.3
372 silly placeDep ROOT jsonc-parser@3.3.1 OK for: wireit@0.14.13 want: ^3.0.0
373 silly placeDep ROOT proper-lockfile@4.1.2 OK for: wireit@0.14.13 want: ^4.1.2
374 silly fetch manifest balanced-match@^4.0.2
375 silly packumentCache full:https://registry.npmjs.org/balanced-match cache-miss
376 silly fetch manifest anymatch@~3.1.2
377 silly packumentCache full:https://registry.npmjs.org/anymatch cache-miss
378 silly fetch manifest readdirp@~3.6.0
379 silly packumentCache full:https://registry.npmjs.org/readdirp cache-miss
380 silly fetch manifest glob-parent@~5.1.2
381 silly packumentCache full:https://registry.npmjs.org/glob-parent cache-miss
382 silly fetch manifest is-binary-path@~2.1.0
383 silly packumentCache full:https://registry.npmjs.org/is-binary-path cache-miss
384 silly fetch manifest normalize-path@~3.0.0
385 silly packumentCache full:https://registry.npmjs.org/normalize-path cache-miss
386 silly fetch manifest fsevents@~2.3.2
387 silly packumentCache full:https://registry.npmjs.org/fsevents cache-miss
388 silly fetch manifest retry@^0.12.0
389 silly packumentCache full:https://registry.npmjs.org/retry cache-miss
390 silly fetch manifest signal-exit@^3.0.2
391 silly packumentCache full:https://registry.npmjs.org/signal-exit cache-miss
392 http cache https://registry.npmjs.org/balanced-match 10ms (cache hit)
393 silly packumentCache full:https://registry.npmjs.org/balanced-match set size:39082 disposed:false
394 http cache https://registry.npmjs.org/glob-parent 11ms (cache hit)
395 silly packumentCache full:https://registry.npmjs.org/glob-parent set size:42445 disposed:false
396 http fetch GET 200 https://registry.npmjs.org/normalize-path 115ms (cache miss)
397 silly packumentCache full:https://registry.npmjs.org/normalize-path set size:undefined disposed:false
398 http fetch GET 200 https://registry.npmjs.org/retry 116ms (cache miss)
399 silly packumentCache full:https://registry.npmjs.org/retry set size:undefined disposed:false
400 http fetch GET 200 https://registry.npmjs.org/readdirp 127ms (cache miss)
401 silly packumentCache full:https://registry.npmjs.org/readdirp set size:undefined disposed:false
402 http fetch GET 200 https://registry.npmjs.org/anymatch 129ms (cache miss)
403 silly packumentCache full:https://registry.npmjs.org/anymatch set size:undefined disposed:false
404 http fetch GET 200 https://registry.npmjs.org/signal-exit 135ms (cache miss)
405 silly packumentCache full:https://registry.npmjs.org/signal-exit set size:undefined disposed:false
406 http fetch GET 200 https://registry.npmjs.org/fsevents 138ms (cache miss)
407 silly packumentCache full:https://registry.npmjs.org/fsevents set size:undefined disposed:false
408 http fetch GET 200 https://registry.npmjs.org/is-binary-path 176ms (cache miss)
409 silly packumentCache full:https://registry.npmjs.org/is-binary-path set size:undefined disposed:false
410 silly placeDep ROOT anymatch@3.1.3 OK for: chokidar@3.6.0 want: ~3.1.2
411 silly placeDep ROOT fsevents@2.3.3 OK for: chokidar@3.6.0 want: ~2.3.2
412 silly placeDep node_modules/chokidar glob-parent@5.1.2 OK for: chokidar@3.6.0 want: ~5.1.2
413 silly placeDep ROOT is-binary-path@2.1.0 OK for: chokidar@3.6.0 want: ~2.1.0
414 silly placeDep ROOT normalize-path@3.0.0 OK for: chokidar@3.6.0 want: ~3.0.0
415 silly placeDep ROOT readdirp@3.6.0 OK for: chokidar@3.6.0 want: ~3.6.0
416 silly fetch manifest normalize-path@^3.0.0
417 silly packumentCache full:https://registry.npmjs.org/normalize-path cache-miss
418 silly fetch manifest binary-extensions@^2.0.0
419 silly packumentCache full:https://registry.npmjs.org/binary-extensions cache-miss
420 http cache https://registry.npmjs.org/normalize-path 5ms (cache hit)
421 silly packumentCache full:https://registry.npmjs.org/normalize-path set size:28713 disposed:false
422 http fetch GET 200 https://registry.npmjs.org/binary-extensions 329ms (cache miss)
423 silly packumentCache full:https://registry.npmjs.org/binary-extensions set size:undefined disposed:false
424 silly placeDep ROOT binary-extensions@2.3.0 OK for: is-binary-path@2.1.0 want: ^2.0.0
425 silly placeDep ROOT retry@0.12.0 OK for: proper-lockfile@4.1.2 want: ^0.12.0
426 silly placeDep ROOT signal-exit@3.0.7 OK for: proper-lockfile@4.1.2 want: ^3.0.2
427 silly placeDep ROOT cliui@7.0.4 OK for: yargs@16.2.2 want: ^7.0.2
428 silly placeDep ROOT get-caller-file@2.0.5 OK for: yargs@16.2.2 want: ^2.0.5
429 silly placeDep ROOT require-directory@2.1.1 OK for: yargs@16.2.2 want: ^2.1.1
430 silly placeDep ROOT string-width@4.2.3 OK for: yargs@16.2.2 want: ^4.2.0
431 silly placeDep ROOT y18n@5.0.8 OK for: yargs@16.2.2 want: ^5.0.5
432 silly placeDep ROOT yargs-parser@20.2.9 OK for: yargs@16.2.2 want: ^20.2.2
433 silly fetch manifest wrap-ansi@^7.0.0
434 silly packumentCache full:https://registry.npmjs.org/wrap-ansi cache-miss
435 silly fetch manifest strip-ansi@^6.0.0
436 silly packumentCache full:https://registry.npmjs.org/strip-ansi cache-miss
437 silly fetch manifest strip-ansi@^6.0.1
438 silly packumentCache full:https://registry.npmjs.org/strip-ansi cache-miss
439 silly fetch manifest emoji-regex@^8.0.0
440 silly packumentCache full:https://registry.npmjs.org/emoji-regex cache-miss
441 silly fetch manifest is-fullwidth-code-point@^3.0.0
442 silly packumentCache full:https://registry.npmjs.org/is-fullwidth-code-point cache-miss
443 http cache https://registry.npmjs.org/emoji-regex 6ms (cache hit)
444 silly packumentCache full:https://registry.npmjs.org/emoji-regex set size:89064 disposed:false
445 http fetch GET 200 https://registry.npmjs.org/is-fullwidth-code-point 117ms (cache miss)
446 silly packumentCache full:https://registry.npmjs.org/is-fullwidth-code-point set size:undefined disposed:false
447 http fetch GET 200 https://registry.npmjs.org/strip-ansi 124ms (cache miss)
448 silly packumentCache full:https://registry.npmjs.org/strip-ansi set size:undefined disposed:false
449 http fetch GET 200 https://registry.npmjs.org/strip-ansi 129ms (cache miss)
450 silly packumentCache full:https://registry.npmjs.org/strip-ansi set size:undefined disposed:false
451 http fetch GET 200 https://registry.npmjs.org/wrap-ansi 129ms (cache miss)
452 silly packumentCache full:https://registry.npmjs.org/wrap-ansi set size:undefined disposed:false
453 silly placeDep ROOT strip-ansi@6.0.1 OK for: cliui@7.0.4 want: ^6.0.0
454 silly placeDep ROOT wrap-ansi@7.0.0 OK for: cliui@7.0.4 want: ^7.0.0
455 silly fetch manifest ansi-regex@^5.0.1
456 silly packumentCache full:https://registry.npmjs.org/ansi-regex cache-miss
457 http fetch GET 200 https://registry.npmjs.org/ansi-regex 122ms (cache miss)
458 silly packumentCache full:https://registry.npmjs.org/ansi-regex set size:undefined disposed:false
459 silly placeDep node_modules/string-width emoji-regex@8.0.0 OK for: string-width@4.2.3 want: ^8.0.0
460 silly placeDep ROOT is-fullwidth-code-point@3.0.0 OK for: string-width@4.2.3 want: ^3.0.0
461 silly placeDep ROOT ansi-regex@5.0.1 OK for: strip-ansi@6.0.1 want: ^5.0.1
462 silly placeDep node_modules/@tensorflow/tfjs/node_modules/@tensorflow/tfjs-backend-webgl @types/offscreencanvas@2019.3.0 OK for: @tensorflow/tfjs-backend-webgl@4.11.0 want: ~2019.3.0
463 silly placeDep node_modules/@tensorflow/tfjs @webgpu/types@0.1.30 OK for: @tensorflow/tfjs-core@4.11.0 want: 0.1.30
464 silly placeDep ROOT @types/node-fetch@2.6.13 OK for: @tensorflow/tfjs-data@4.11.0 want: ^2.1.2
465 silly placeDep ROOT string_decoder@1.3.0 OK for: @tensorflow/tfjs-data@4.11.0 want: ^1.3.0
466 silly fetch manifest form-data@^4.0.4
467 silly packumentCache full:https://registry.npmjs.org/form-data cache-miss
468 silly fetch manifest safe-buffer@~5.2.0
469 silly packumentCache full:https://registry.npmjs.org/safe-buffer cache-miss
470 http fetch GET 200 https://registry.npmjs.org/safe-buffer 111ms (cache miss)
471 silly packumentCache full:https://registry.npmjs.org/safe-buffer set size:undefined disposed:false
472 http fetch GET 200 https://registry.npmjs.org/form-data 124ms (cache miss)
473 silly packumentCache full:https://registry.npmjs.org/form-data set size:undefined disposed:false
474 silly placeDep ROOT form-data@4.0.6 OK for: @types/node-fetch@2.6.13 want: ^4.0.4
475 silly fetch manifest asynckit@^0.4.0
476 silly packumentCache full:https://registry.npmjs.org/asynckit cache-miss
477 silly fetch manifest mime-types@^2.1.35
478 silly packumentCache full:https://registry.npmjs.org/mime-types cache-miss
479 silly fetch manifest combined-stream@^1.0.8
480 silly packumentCache full:https://registry.npmjs.org/combined-stream cache-miss
481 http fetch GET 200 https://registry.npmjs.org/combined-stream 122ms (cache miss)
482 silly packumentCache full:https://registry.npmjs.org/combined-stream set size:undefined disposed:false
483 http fetch GET 200 https://registry.npmjs.org/mime-types 127ms (cache miss)
484 silly packumentCache full:https://registry.npmjs.org/mime-types set size:undefined disposed:false
485 http fetch GET 200 https://registry.npmjs.org/asynckit 358ms (cache miss)
486 silly packumentCache full:https://registry.npmjs.org/asynckit set size:undefined disposed:false
487 silly placeDep ROOT asynckit@0.4.0 OK for: form-data@4.0.6 want: ^0.4.0
488 silly placeDep ROOT combined-stream@1.0.8 OK for: form-data@4.0.6 want: ^1.0.8
489 silly placeDep ROOT mime-types@2.1.35 OK for: form-data@4.0.6 want: ^2.1.35
490 silly fetch manifest delayed-stream@~1.0.0
491 silly packumentCache full:https://registry.npmjs.org/delayed-stream cache-miss
492 silly fetch manifest mime-db@1.52.0
493 silly packumentCache full:https://registry.npmjs.org/mime-db cache-miss
494 http fetch GET 200 https://registry.npmjs.org/delayed-stream 110ms (cache miss)
495 silly packumentCache full:https://registry.npmjs.org/delayed-stream set size:undefined disposed:false
496 http fetch GET 200 https://registry.npmjs.org/mime-db 138ms (cache miss)
497 silly packumentCache full:https://registry.npmjs.org/mime-db set size:undefined disposed:false
498 silly placeDep ROOT delayed-stream@1.0.0 OK for: combined-stream@1.0.8 want: ~1.0.0
499 silly placeDep ROOT mime-db@1.52.0 OK for: mime-types@2.1.35 want: 1.52.0
500 silly placeDep ROOT safe-buffer@5.2.1 OK for: string_decoder@1.3.0 want: ~5.2.0
501 silly placeDep ROOT sprintf-js@1.0.3 OK for: argparse@1.0.10 want: ~1.0.2
502 silly placeDep node_modules/wireit balanced-match@4.0.4 OK for: brace-expansion@5.0.7 want: ^4.0.2
503 silly reify moves {}
504 verbose reify failed optional dependency D:\Pookiz\vividcut\node_modules\@tailwindcss\oxide-wasm32-wasi
505 silly reify mark deleted [
505 silly reify   'D:\\Pookiz\\vividcut\\node_modules\\@tailwindcss\\oxide-wasm32-wasi'
505 silly reify ]
506 silly audit bulk request {
506 silly audit   '@alloc/quick-lru': [ '5.2.0' ],
506 silly audit   '@babel/code-frame': [ '7.29.7' ],
506 silly audit   '@babel/compat-data': [ '7.29.7' ],
506 silly audit   '@babel/core': [ '7.29.7' ],
506 silly audit   '@babel/generator': [ '7.29.7' ],
506 silly audit   '@babel/helper-compilation-targets': [ '7.29.7' ],
506 silly audit   '@babel/helper-globals': [ '7.29.7' ],
506 silly audit   '@babel/helper-module-imports': [ '7.29.7' ],
506 silly audit   '@babel/helper-module-transforms': [ '7.29.7' ],
506 silly audit   '@babel/helper-string-parser': [ '7.29.7' ],
506 silly audit   '@babel/helper-validator-identifier': [ '7.29.7' ],
506 silly audit   '@babel/helper-validator-option': [ '7.29.7' ],
506 silly audit   '@babel/helpers': [ '7.29.7' ],
506 silly audit   '@babel/parser': [ '7.29.7' ],
506 silly audit   '@babel/template': [ '7.29.7' ],
506 silly audit   '@babel/traverse': [ '7.29.7' ],
506 silly audit   '@babel/types': [ '7.29.7' ],
506 silly audit   '@emnapi/core': [ '1.10.0' ],
506 silly audit   '@emnapi/runtime': [ '1.11.2', '1.10.0' ],
506 silly audit   '@emnapi/wasi-threads': [ '1.2.1' ],
506 silly audit   '@eslint-community/eslint-utils': [ '4.9.1' ],
506 silly audit   'eslint-visitor-keys': [ '3.4.3', '5.0.1', '4.2.1' ],
506 silly audit   '@eslint-community/regexpp': [ '4.12.2' ],
506 silly audit   '@eslint/config-array': [ '0.21.2' ],
506 silly audit   '@eslint/config-helpers': [ '0.4.2' ],
506 silly audit   '@eslint/core': [ '0.17.0' ],
506 silly audit   '@eslint/eslintrc': [ '3.3.6' ],
506 silly audit   '@eslint/js': [ '9.39.5' ],
506 silly audit   '@eslint/object-schema': [ '2.1.7' ],
506 silly audit   '@eslint/plugin-kit': [ '0.4.1' ],
506 silly audit   '@humanfs/core': [ '0.19.2' ],
506 silly audit   '@humanfs/node': [ '0.16.8' ],
506 silly audit   '@humanfs/types': [ '0.15.0' ],
506 silly audit   '@humanwhocodes/module-importer': [ '1.0.1' ],
506 silly audit   '@humanwhocodes/retry': [ '0.4.3' ],
506 silly audit   '@img/colour': [ '1.1.0' ],
506 silly audit   '@img/sharp-darwin-arm64': [ '0.34.5' ],
506 silly audit   '@img/sharp-darwin-x64': [ '0.34.5' ],
506 silly audit   '@img/sharp-libvips-darwin-arm64': [ '1.2.4' ],
506 silly audit   '@img/sharp-libvips-darwin-x64': [ '1.2.4' ],
506 silly audit   '@img/sharp-libvips-linux-arm': [ '1.2.4' ],
506 silly audit   '@img/sharp-libvips-linux-arm64': [ '1.2.4' ],
506 silly audit   '@img/sharp-libvips-linux-ppc64': [ '1.2.4' ],
506 silly audit   '@img/sharp-libvips-linux-riscv64': [ '1.2.4' ],
506 silly audit   '@img/sharp-libvips-linux-s390x': [ '1.2.4' ],
506 silly audit   '@img/sharp-libvips-linux-x64': [ '1.2.4' ],
506 silly audit   '@img/sharp-libvips-linuxmusl-arm64': [ '1.2.4' ],
506 silly audit   '@img/sharp-libvips-linuxmusl-x64': [ '1.2.4' ],
506 silly audit   '@img/sharp-linux-arm': [ '0.34.5' ],
506 silly audit   '@img/sharp-linux-arm64': [ '0.34.5' ],
506 silly audit   '@img/sharp-linux-ppc64': [ '0.34.5' ],
506 silly audit   '@img/sharp-linux-riscv64': [ '0.34.5' ],
506 silly audit   '@img/sharp-linux-s390x': [ '0.34.5' ],
506 silly audit   '@img/sharp-linux-x64': [ '0.34.5' ],
506 silly audit   '@img/sharp-linuxmusl-arm64': [ '0.34.5' ],
506 silly audit   '@img/sharp-linuxmusl-x64': [ '0.34.5' ],
506 silly audit   '@img/sharp-wasm32': [ '0.34.5' ],
506 silly audit   '@img/sharp-win32-arm64': [ '0.34.5' ],
506 silly audit   '@img/sharp-win32-ia32': [ '0.34.5' ],
506 silly audit   '@img/sharp-win32-x64': [ '0.34.5' ],
506 silly audit   '@jridgewell/gen-mapping': [ '0.3.13' ],
506 silly audit   '@jridgewell/remapping': [ '2.3.5' ],
506 silly audit   '@jridgewell/resolve-uri': [ '3.1.2' ],
506 silly audit   '@jridgewell/sourcemap-codec': [ '1.5.5' ],
506 silly audit   '@jridgewell/trace-mapping': [ '0.3.31' ],
506 silly audit   '@napi-rs/wasm-runtime': [ '1.1.6' ],
506 silly audit   '@next/env': [ '16.2.10' ],
506 silly audit   '@next/eslint-plugin-next': [ '16.2.10' ],
506 silly audit   '@next/swc-darwin-arm64': [ '16.2.10' ],
506 silly audit   '@next/swc-darwin-x64': [ '16.2.10' ],
506 silly audit   '@next/swc-linux-arm64-gnu': [ '16.2.10' ],
506 silly audit   '@next/swc-linux-arm64-musl': [ '16.2.10' ],
506 silly audit   '@next/swc-linux-x64-gnu': [ '16.2.10' ],
506 silly audit   '@next/swc-linux-x64-musl': [ '16.2.10' ],
506 silly audit   '@next/swc-win32-arm64-msvc': [ '16.2.10' ],
506 silly audit   '@next/swc-win32-x64-msvc': [ '16.2.10' ],
506 silly audit   '@nodelib/fs.scandir': [ '2.1.5' ],
506 silly audit   '@nodelib/fs.stat': [ '2.0.5' ],
506 silly audit   '@nodelib/fs.walk': [ '1.2.8' ],
506 silly audit   '@nolyfill/is-core-module': [ '1.0.39' ],
506 silly audit   '@rtsao/scc': [ '1.1.0' ],
506 silly audit   '@swc/helpers': [ '0.5.15' ],
506 silly audit   '@tailwindcss/node': [ '4.3.3' ],
506 silly audit   '@tailwindcss/oxide': [ '4.3.3' ],
506 silly audit   '@tailwindcss/oxide-android-arm64': [ '4.3.3' ],
506 silly audit   '@tailwindcss/oxide-darwin-arm64': [ '4.3.3' ],
506 silly audit   '@tailwindcss/oxide-darwin-x64': [ '4.3.3' ],
506 silly audit   '@tailwindcss/oxide-freebsd-x64': [ '4.3.3' ],
506 silly audit   '@tailwindcss/oxide-linux-arm-gnueabihf': [ '4.3.3' ],
506 silly audit   '@tailwindcss/oxide-linux-arm64-gnu': [ '4.3.3' ],
506 silly audit   '@tailwindcss/oxide-linux-arm64-musl': [ '4.3.3' ],
506 silly audit   '@tailwindcss/oxide-linux-x64-gnu': [ '4.3.3' ],
506 silly audit   '@tailwindcss/oxide-linux-x64-musl': [ '4.3.3' ],
506 silly audit   '@tailwindcss/oxide-win32-arm64-msvc': [ '4.3.3' ],
506 silly audit   '@tailwindcss/oxide-win32-x64-msvc': [ '4.3.3' ],
506 silly audit   '@tailwindcss/postcss': [ '4.3.3' ],
506 silly audit   '@tybys/wasm-util': [ '0.10.3' ],
506 silly audit   '@types/estree': [ '1.0.9' ],
506 silly audit   '@types/json-schema': [ '7.0.15' ],
506 silly audit   '@types/json5': [ '0.0.29' ],
506 silly audit   '@types/node': [ '20.19.43' ],
506 silly audit   '@types/react': [ '19.2.17' ],
506 silly audit   '@types/react-dom': [ '19.2.3' ],
506 silly audit   '@typescript-eslint/eslint-plugin': [ '8.64.0' ],
506 silly audit   ignore: [ '7.0.6', '5.3.2' ],
506 silly audit   '@typescript-eslint/parser': [ '8.64.0' ],
506 silly audit   '@typescript-eslint/project-service': [ '8.64.0' ],
506 silly audit   '@typescript-eslint/scope-manager': [ '8.64.0' ],
506 silly audit   '@typescript-eslint/tsconfig-utils': [ '8.64.0' ],
506 silly audit   '@typescript-eslint/type-utils': [ '8.64.0' ],
506 silly audit   '@typescript-eslint/types': [ '8.64.0' ],
506 silly audit   '@typescript-eslint/typescript-estree': [ '8.64.0' ],
506 silly audit   'balanced-match': [ '4.0.4', '1.0.2' ],
506 silly audit   'brace-expansion': [ '5.0.7', '1.1.16' ],
506 silly audit   minimatch: [ '10.2.5', '3.1.5' ],
506 silly audit   semver: [ '7.8.5', '6.3.1' ],
506 silly audit   '@typescript-eslint/utils': [ '8.64.0' ],
506 silly audit   '@typescript-eslint/visitor-keys': [ '8.64.0' ],
506 silly audit   '@unrs/resolver-binding-android-arm-eabi': [ '1.12.2' ],
506 silly audit   '@unrs/resolver-binding-android-arm64': [ '1.12.2' ],
506 silly audit   '@unrs/resolver-binding-darwin-arm64': [ '1.12.2' ],
506 silly audit   '@unrs/resolver-binding-darwin-x64': [ '1.12.2' ],
506 silly audit   '@unrs/resolver-binding-freebsd-x64': [ '1.12.2' ],
506 silly audit   '@unrs/resolver-binding-linux-arm-gnueabihf': [ '1.12.2' ],
506 silly audit   '@unrs/resolver-binding-linux-arm-musleabihf': [ '1.12.2' ],
506 silly audit   '@unrs/resolver-binding-linux-arm64-gnu': [ '1.12.2' ],
506 silly audit   '@unrs/resolver-binding-linux-arm64-musl': [ '1.12.2' ],
506 silly audit   '@unrs/resolver-binding-linux-loong64-gnu': [ '1.12.2' ],
506 silly audit   '@unrs/resolver-binding-linux-loong64-musl': [ '1.12.2' ],
506 silly audit   '@unrs/resolver-binding-linux-ppc64-gnu': [ '1.12.2' ],
506 silly audit   '@unrs/resolver-binding-linux-riscv64-gnu': [ '1.12.2' ],
506 silly audit   '@unrs/resolver-binding-linux-riscv64-musl': [ '1.12.2' ],
506 silly audit   '@unrs/resolver-binding-linux-s390x-gnu': [ '1.12.2' ],
506 silly audit   '@unrs/resolver-binding-linux-x64-gnu': [ '1.12.2' ],
506 silly audit   '@unrs/resolver-binding-linux-x64-musl': [ '1.12.2' ],
506 silly audit   '@unrs/resolver-binding-openharmony-arm64': [ '1.12.2' ],
506 silly audit   '@unrs/resolver-binding-wasm32-wasi': [ '1.12.2' ],
506 silly audit   '@unrs/resolver-binding-win32-arm64-msvc': [ '1.12.2' ],
506 silly audit   '@unrs/resolver-binding-win32-ia32-msvc': [ '1.12.2' ],
506 silly audit   '@unrs/resolver-binding-win32-x64-msvc': [ '1.12.2' ],
506 silly audit   acorn: [ '8.17.0' ],
506 silly audit   'acorn-jsx': [ '5.3.2' ],
506 silly audit   ajv: [ '6.15.0' ],
506 silly audit   'ansi-styles': [ '4.3.0' ],
506 silly audit   argparse: [ '2.0.1', '1.0.10' ],
506 silly audit   'aria-query': [ '5.3.2' ],
506 silly audit   'array-buffer-byte-length': [ '1.0.2' ],
506 silly audit   'array-includes': [ '3.1.9' ],
506 silly audit   'array.prototype.findlast': [ '1.2.5' ],
506 silly audit   'array.prototype.findlastindex': [ '1.2.6' ],
506 silly audit   'array.prototype.flat': [ '1.3.3' ],
506 silly audit   'array.prototype.flatmap': [ '1.3.3' ],
506 silly audit   'array.prototype.tosorted': [ '1.1.4' ],
506 silly audit   'arraybuffer.prototype.slice': [ '1.0.4' ],
506 silly audit   'ast-types-flow': [ '0.0.8' ],
506 silly audit   'async-function': [ '1.0.0' ],
506 silly audit   'available-typed-arrays': [ '1.0.7' ],
506 silly audit   'axe-core': [ '4.12.1' ],
506 silly audit   'axobject-query': [ '4.1.0' ],
506 silly audit   'baseline-browser-mapping': [ '2.10.43' ],
506 silly audit   braces: [ '3.0.3' ],
506 silly audit   browserslist: [ '4.28.6' ],
506 silly audit   'call-bind': [ '1.0.9' ],
506 silly audit   'call-bind-apply-helpers': [ '1.0.2' ],
506 silly audit   'call-bound': [ '1.0.4' ],
506 silly audit   callsites: [ '3.1.0' ],
506 silly audit   'caniuse-lite': [ '1.0.30001806' ],
506 silly audit   chalk: [ '4.1.2' ],
506 silly audit   'client-only': [ '0.0.1' ],
506 silly audit   'color-convert': [ '2.0.1' ],
506 silly audit   'color-name': [ '1.1.4' ],
506 silly audit   'concat-map': [ '0.0.1' ],
506 silly audit   'convert-source-map': [ '2.0.0' ],
506 silly audit   'cross-spawn': [ '7.0.6' ],
506 silly audit   csstype: [ '3.2.3' ],
506 silly audit   'damerau-levenshtein': [ '1.0.8' ],
506 silly audit   'data-view-buffer': [ '1.0.2' ],
506 silly audit   'data-view-byte-length': [ '1.0.2' ],
506 silly audit   'data-view-byte-offset': [ '1.0.1' ],
506 silly audit   debug: [ '4.4.3', '3.2.7' ],
506 silly audit   'deep-is': [ '0.1.4' ],
506 silly audit   'define-data-property': [ '1.1.4' ],
506 silly audit   'define-properties': [ '1.2.1' ],
506 silly audit   'detect-libc': [ '2.1.2' ],
506 silly audit   doctrine: [ '2.1.0' ],
506 silly audit   'dunder-proto': [ '1.0.1' ],
506 silly audit   'electron-to-chromium': [ '1.5.393' ],
506 silly audit   'emoji-regex': [ '9.2.2', '8.0.0' ],
506 silly audit   'enhanced-resolve': [ '5.24.2' ],
506 silly audit   'es-abstract': [ '1.24.2' ],
506 silly audit   'es-abstract-get': [ '1.0.0' ],
506 silly audit   'es-define-property': [ '1.0.1' ],
506 silly audit   'es-errors': [ '1.3.0' ],
506 silly audit   'es-iterator-helpers': [ '1.4.0' ],
506 silly audit   'es-object-atoms': [ '1.1.2' ],
506 silly audit   'es-set-tostringtag': [ '2.1.0' ],
506 silly audit   'es-shim-unscopables': [ '1.1.0' ],
506 silly audit   'es-to-primitive': [ '1.3.4' ],
506 silly audit   escalade: [ '3.2.0' ],
506 silly audit   'escape-string-regexp': [ '4.0.0' ],
506 silly audit   eslint: [ '9.39.5' ],
506 silly audit   'eslint-config-next': [ '16.2.10' ],
506 silly audit   globals: [ '16.4.0', '14.0.0' ],
506 silly audit   'eslint-import-resolver-node': [ '0.3.10' ],
506 silly audit   'eslint-import-resolver-typescript': [ '3.10.1' ],
506 silly audit   'eslint-module-utils': [ '2.14.0' ],
506 silly audit   'eslint-plugin-import': [ '2.32.0' ],
506 silly audit   'eslint-plugin-jsx-a11y': [ '6.10.2' ],
506 silly audit   'eslint-plugin-react': [ '7.37.5' ],
506 silly audit   'eslint-plugin-react-hooks': [ '7.1.1' ],
506 silly audit   'eslint-scope': [ '8.4.0' ],
506 silly audit   espree: [ '10.4.0' ],
506 silly audit   esquery: [ '1.7.0' ],
506 silly audit   esrecurse: [ '4.3.0' ],
506 silly audit   estraverse: [ '5.3.0' ],
506 silly audit   esutils: [ '2.0.3' ],
506 silly audit   'fast-deep-equal': [ '3.1.3' ],
506 silly audit   'fast-glob': [ '3.3.1' ],
506 silly audit   'glob-parent': [ '5.1.2', '6.0.2' ],
506 silly audit   'fast-json-stable-stringify': [ '2.1.0' ],
506 silly audit   'fast-levenshtein': [ '2.0.6' ],
506 silly audit   fastq: [ '1.20.1' ],
506 silly audit   'file-entry-cache': [ '8.0.0' ],
506 silly audit   'fill-range': [ '7.1.1' ],
506 silly audit   'find-up': [ '5.0.0' ],
506 silly audit   'flat-cache': [ '4.0.1' ],
506 silly audit   flatted: [ '3.4.2' ],
506 silly audit   'for-each': [ '0.3.5' ],
506 silly audit   'function-bind': [ '1.1.2' ],
506 silly audit   'function.prototype.name': [ '1.2.0' ],
506 silly audit   'functions-have-names': [ '1.2.3' ],
506 silly audit   'generator-function': [ '2.0.1' ],
506 silly audit   gensync: [ '1.0.0-beta.2' ],
506 silly audit   'get-intrinsic': [ '1.3.0' ],
506 silly audit   'get-proto': [ '1.0.1' ],
506 silly audit   'get-symbol-description': [ '1.1.0' ],
506 silly audit   'get-tsconfig': [ '4.14.0' ],
506 silly audit   globalthis: [ '1.0.4' ],
506 silly audit   gopd: [ '1.2.0' ],
506 silly audit   'graceful-fs': [ '4.2.11' ],
506 silly audit   'has-bigints': [ '1.1.0' ],
506 silly audit   'has-flag': [ '4.0.0' ],
506 silly audit   'has-property-descriptors': [ '1.0.2' ],
506 silly audit   'has-proto': [ '1.2.0' ],
506 silly audit   'has-symbols': [ '1.1.0' ],
506 silly audit   'has-tostringtag': [ '1.0.2' ],
506 silly audit   hasown: [ '2.0.4' ],
506 silly audit   'hermes-estree': [ '0.25.1' ],
506 silly audit   'hermes-parser': [ '0.25.1' ],
506 silly audit   'import-fresh': [ '3.3.1' ],
506 silly audit   imurmurhash: [ '0.1.4' ],
506 silly audit   'internal-slot': [ '1.1.0' ],
506 silly audit   'is-array-buffer': [ '3.0.5' ],
506 silly audit   'is-async-function': [ '2.1.1' ],
506 silly audit   'is-bigint': [ '1.1.0' ],
506 silly audit   'is-boolean-object': [ '1.2.2' ],
506 silly audit   'is-bun-module': [ '2.0.0' ],
506 silly audit   'is-callable': [ '1.2.7' ],
506 silly audit   'is-core-module': [ '2.16.2' ],
506 silly audit   'is-data-view': [ '1.0.2' ],
506 silly audit   'is-date-object': [ '1.1.0' ],
506 silly audit   'is-document.all': [ '1.0.0' ],
506 silly audit   'is-extglob': [ '2.1.1' ],
506 silly audit   'is-finalizationregistry': [ '1.1.1' ],
506 silly audit   'is-generator-function': [ '1.1.2' ],
506 silly audit   'is-glob': [ '4.0.3' ],
506 silly audit   'is-map': [ '2.0.3' ],
506 silly audit   'is-negative-zero': [ '2.0.3' ],
506 silly audit   'is-number': [ '7.0.0' ],
506 silly audit   'is-number-object': [ '1.1.1' ],
506 silly audit   'is-regex': [ '1.2.1' ],
506 silly audit   'is-set': [ '2.0.3' ],
506 silly audit   'is-shared-array-buffer': [ '1.0.4' ],
506 silly audit   'is-string': [ '1.1.1' ],
506 silly audit   'is-symbol': [ '1.1.1' ],
506 silly audit   'is-typed-array': [ '1.1.15' ],
506 silly audit   'is-weakmap': [ '2.0.2' ],
506 silly audit   'is-weakref': [ '1.1.1' ],
506 silly audit   'is-weakset': [ '2.0.4' ],
506 silly audit   isarray: [ '2.0.5' ],
506 silly audit   isexe: [ '2.0.0' ],
506 silly audit   'iterator.prototype': [ '1.1.5' ],
506 silly audit   jiti: [ '2.7.0' ],
506 silly audit   'js-tokens': [ '4.0.0' ],
506 silly audit   'js-yaml': [ '4.3.0' ],
506 silly audit   jsesc: [ '3.1.0' ],
506 silly audit   'json-buffer': [ '3.0.1' ],
506 silly audit   'json-schema-traverse': [ '0.4.1' ],
506 silly audit   'json-stable-stringify-without-jsonify': [ '1.0.1' ],
506 silly audit   json5: [ '2.2.3', '1.0.2' ],
506 silly audit   'jsx-ast-utils': [ '3.3.5' ],
506 silly audit   keyv: [ '4.5.4' ],
506 silly audit   'language-subtag-registry': [ '0.3.23' ],
506 silly audit   'language-tags': [ '1.0.9' ],
506 silly audit   levn: [ '0.4.1' ],
506 silly audit   lightningcss: [ '1.32.0' ],
506 silly audit   'lightningcss-android-arm64': [ '1.32.0' ],
506 silly audit   'lightningcss-darwin-arm64': [ '1.32.0' ],
506 silly audit   'lightningcss-darwin-x64': [ '1.32.0' ],
506 silly audit   'lightningcss-freebsd-x64': [ '1.32.0' ],
506 silly audit   'lightningcss-linux-arm-gnueabihf': [ '1.32.0' ],
506 silly audit   'lightningcss-linux-arm64-gnu': [ '1.32.0' ],
506 silly audit   'lightningcss-linux-arm64-musl': [ '1.32.0' ],
506 silly audit   'lightningcss-linux-x64-gnu': [ '1.32.0' ],
506 silly audit   'lightningcss-linux-x64-musl': [ '1.32.0' ],
506 silly audit   'lightningcss-win32-arm64-msvc': [ '1.32.0' ],
506 silly audit   'lightningcss-win32-x64-msvc': [ '1.32.0' ],
506 silly audit   'locate-path': [ '6.0.0' ],
506 silly audit   'lodash.merge': [ '4.6.2' ],
506 silly audit   'loose-envify': [ '1.4.0' ],
506 silly audit   'lru-cache': [ '5.1.1' ],
506 silly audit   'magic-string': [ '0.30.21' ],
506 silly audit   'math-intrinsics': [ '1.1.0' ],
506 silly audit   merge2: [ '1.4.1' ],
506 silly audit   micromatch: [ '4.0.8' ],
506 silly audit   minimist: [ '1.2.8' ],
506 silly audit   ms: [ '2.1.3' ],
506 silly audit   nanoid: [ '3.3.16' ],
506 silly audit   'napi-postinstall': [ '0.3.4' ],
506 silly audit   'natural-compare': [ '1.4.0' ],
506 silly audit   next: [ '16.2.10' ],
506 silly audit   postcss: [ '8.4.31', '8.5.19' ],
506 silly audit   'node-exports-info': [ '1.6.2' ],
506 silly audit   'node-releases': [ '2.0.51' ],
506 silly audit   'object-assign': [ '4.1.1' ],
506 silly audit   'object-inspect': [ '1.13.4' ],
506 silly audit   'object-keys': [ '1.1.1' ],
506 silly audit   'object.assign': [ '4.1.7' ],
506 silly audit   'object.entries': [ '1.1.9' ],
506 silly audit   'object.fromentries': [ '2.0.8' ],
506 silly audit   'object.groupby': [ '1.0.3' ],
506 silly audit   'object.values': [ '1.2.1' ],
506 silly audit   optionator: [ '0.9.4' ],
506 silly audit   'own-keys': [ '1.0.1' ],
506 silly audit   'p-limit': [ '3.1.0' ],
506 silly audit   'p-locate': [ '5.0.0' ],
506 silly audit   'parent-module': [ '1.0.1' ],
506 silly audit   'path-exists': [ '4.0.0' ],
506 silly audit   'path-key': [ '3.1.1' ],
506 silly audit   'path-parse': [ '1.0.7' ],
506 silly audit   picocolors: [ '1.1.1' ],
506 silly audit   picomatch: [ '2.3.2', '4.0.5' ],
506 silly audit   'possible-typed-array-names': [ '1.1.0' ],
506 silly audit   'prelude-ls': [ '1.2.1' ],
506 silly audit   'prop-types': [ '15.8.1' ],
506 silly audit   punycode: [ '2.3.1' ],
506 silly audit   'queue-microtask': [ '1.2.3' ],
506 silly audit   react: [ '19.2.4' ],
506 silly audit   'react-dom': [ '19.2.4' ],
506 silly audit   'react-is': [ '16.13.1' ],
506 silly audit   'reflect.getprototypeof': [ '1.0.10' ],
506 silly audit   'regexp.prototype.flags': [ '1.5.4' ],
506 silly audit   resolve: [ '2.0.0-next.7' ],
506 silly audit   'resolve-from': [ '4.0.0' ],
506 silly audit   'resolve-pkg-maps': [ '1.0.0' ],
506 silly audit   reusify: [ '1.1.0' ],
506 silly audit   'run-parallel': [ '1.2.0' ],
506 silly audit   'safe-array-concat': [ '1.1.4' ],
506 silly audit   'safe-push-apply': [ '1.0.0' ],
506 silly audit   'safe-regex-test': [ '1.1.0' ],
506 silly audit   scheduler: [ '0.27.0' ],
506 silly audit   'set-function-length': [ '1.2.2' ],
506 silly audit   'set-function-name': [ '2.0.2' ],
506 silly audit   'set-proto': [ '1.0.0' ],
506 silly audit   sharp: [ '0.34.5' ],
506 silly audit   'shebang-command': [ '2.0.0' ],
506 silly audit   'shebang-regex': [ '3.0.0' ],
506 silly audit   'side-channel': [ '1.1.1' ],
506 silly audit   'side-channel-list': [ '1.0.1' ],
506 silly audit   'side-channel-map': [ '1.0.1' ],
506 silly audit   'side-channel-weakmap': [ '1.0.2' ],
506 silly audit   'source-map-js': [ '1.2.1' ],
506 silly audit   'stable-hash': [ '0.0.5' ],
506 silly audit   'stop-iteration-iterator': [ '1.1.0' ],
506 silly audit   'string.prototype.includes': [ '2.0.1' ],
506 silly audit   'string.prototype.matchall': [ '4.0.12' ],
506 silly audit   'string.prototype.repeat': [ '1.0.0' ],
506 silly audit   'string.prototype.trim': [ '1.2.11' ],
506 silly audit   'string.prototype.trimend': [ '1.0.10' ],
506 silly audit   'string.prototype.trimstart': [ '1.0.8' ],
506 silly audit   'strip-bom': [ '3.0.0' ],
506 silly audit   'strip-json-comments': [ '3.1.1' ],
506 silly audit   'styled-jsx': [ '5.1.6' ],
506 silly audit   'supports-color': [ '7.2.0' ],
506 silly audit   'supports-preserve-symlinks-flag': [ '1.0.0' ],
506 silly audit   tailwindcss: [ '4.3.3' ],
506 silly audit   tapable: [ '2.3.3' ],
506 silly audit   tinyglobby: [ '0.2.17' ],
506 silly audit   fdir: [ '6.5.0' ],
506 silly audit   'to-regex-range': [ '5.0.1' ],
506 silly audit   'ts-api-utils': [ '2.5.0' ],
506 silly audit   'tsconfig-paths': [ '3.15.0' ],
506 silly audit   tslib: [ '2.8.1' ],
506 silly audit   'type-check': [ '0.4.0' ],
506 silly audit   'typed-array-buffer': [ '1.0.3' ],
506 silly audit   'typed-array-byte-length': [ '1.0.3' ],
506 silly audit   'typed-array-byte-offset': [ '1.0.4' ],
506 silly audit   'typed-array-length': [ '1.0.8' ],
506 silly audit   typescript: [ '5.9.3' ],
506 silly audit   'typescript-eslint': [ '8.64.0' ],
506 silly audit   'unbox-primitive': [ '1.1.0' ],
506 silly audit   'undici-types': [ '6.21.0' ],
506 silly audit   'unrs-resolver': [ '1.12.2' ],
506 silly audit   'update-browserslist-db': [ '1.2.3' ],
506 silly audit   'uri-js': [ '4.4.1' ],
506 silly audit   which: [ '2.0.2' ],
506 silly audit   'which-boxed-primitive': [ '1.1.1' ],
506 silly audit   'which-builtin-type': [ '1.2.1' ],
506 silly audit   'which-collection': [ '1.0.2' ],
506 silly audit   'which-typed-array': [ '1.1.22' ],
506 silly audit   'word-wrap': [ '1.2.5' ],
506 silly audit   yallist: [ '3.1.1' ],
506 silly audit   'yocto-queue': [ '0.1.0' ],
506 silly audit   zod: [ '4.4.3', '3.25.76' ],
506 silly audit   'zod-validation-error': [ '4.0.2' ],
506 silly audit   '@imgly/background-removal': [ '1.7.0' ],
506 silly audit   'onnxruntime-web': [ '1.21.0' ],
506 silly audit   '@tensorflow/tfjs': [ '4.11.0' ],
506 silly audit   '@tensorflow/tfjs-backend-wasm': [ '4.22.0' ],
506 silly audit   '@tensorflow/tfjs-core': [ '4.22.0', '4.11.0' ],
506 silly audit   '@tensorflow/tfjs-backend-webgpu': [ '4.22.0' ],
506 silly audit   '@upscalerjs/esrgan-slim': [ '1.0.0' ],
506 silly audit   'canvas-confetti': [ '1.9.4' ],
506 silly audit   'lucide-react': [ '1.25.0' ],
506 silly audit   piexifjs: [ '1.0.6' ],
506 silly audit   upscaler: [ '1.0.0' ],
506 silly audit   'lodash-es': [ '4.18.1' ],
506 silly audit   ndarray: [ '1.0.19' ],
506 silly audit   '@tensorflow/tfjs-backend-cpu': [ '4.11.0', '4.22.0' ],
506 silly audit   '@tensorflow/tfjs-backend-webgl': [ '4.11.0' ],
506 silly audit   '@tensorflow/tfjs-converter': [ '4.11.0' ],
506 silly audit   '@tensorflow/tfjs-data': [ '4.11.0' ],
506 silly audit   seedrandom: [ '3.0.5' ],
506 silly audit   '@tensorflow/tfjs-layers': [ '4.11.0' ],
506 silly audit   'core-js': [ '3.29.1' ],
506 silly audit   'regenerator-runtime': [ '0.13.11' ],
506 silly audit   yargs: [ '16.2.2' ],
506 silly audit   '@types/emscripten': [ '0.0.34' ],
506 silly audit   '@types/seedrandom': [ '2.4.34' ],
506 silly audit   '@types/long': [ '4.0.2' ],
506 silly audit   '@types/offscreencanvas': [ '2019.7.3', '2019.3.0' ],
506 silly audit   '@webgpu/types': [ '0.1.38', '0.1.30' ],
506 silly audit   long: [ '4.0.0', '5.3.2' ],
506 silly audit   'node-fetch': [ '2.6.13' ],
506 silly audit   'iota-array': [ '1.0.0' ],
506 silly audit   'is-buffer': [ '1.1.6' ],
506 silly audit   'whatwg-url': [ '5.0.0' ],
506 silly audit   flatbuffers: [ '25.9.23' ],
506 silly audit   'guid-typescript': [ '1.0.9' ],
506 silly audit   'onnxruntime-common': [ '1.21.0' ],
506 silly audit   platform: [ '1.3.6' ],
506 silly audit   protobufjs: [ '7.6.5' ],
506 silly audit   '@protobufjs/aspromise': [ '1.1.2' ],
506 silly audit   '@protobufjs/base64': [ '1.1.2' ],
506 silly audit   '@protobufjs/codegen': [ '2.0.5' ],
506 silly audit   '@protobufjs/eventemitter': [ '1.1.1' ],
506 silly audit   '@protobufjs/fetch': [ '1.1.1' ],
506 silly audit   '@protobufjs/float': [ '1.0.2' ],
506 silly audit   '@protobufjs/path': [ '1.1.2' ],
506 silly audit   '@protobufjs/pool': [ '1.1.0' ],
506 silly audit   '@protobufjs/utf8': [ '1.1.2' ],
506 silly audit   '@upscalerjs/default-model': [ '1.0.0' ],
506 silly audit   wireit: [ '0.14.13' ],
506 silly audit   tr46: [ '0.0.3' ],
506 silly audit   'webidl-conversions': [ '3.0.1' ],
506 silly audit   chokidar: [ '3.6.0' ],
506 silly audit   'jsonc-parser': [ '3.3.1' ],
506 silly audit   'proper-lockfile': [ '4.1.2' ],
506 silly audit   anymatch: [ '3.1.3' ],
506 silly audit   fsevents: [ '2.3.3' ],
506 silly audit   'is-binary-path': [ '2.1.0' ],
506 silly audit   'normalize-path': [ '3.0.0' ],
506 silly audit   readdirp: [ '3.6.0' ],
506 silly audit   'binary-extensions': [ '2.3.0' ],
506 silly audit   retry: [ '0.12.0' ],
506 silly audit   'signal-exit': [ '3.0.7' ],
506 silly audit   cliui: [ '7.0.4' ],
506 silly audit   'get-caller-file': [ '2.0.5' ],
506 silly audit   'require-directory': [ '2.1.1' ],
506 silly audit   'string-width': [ '4.2.3' ],
506 silly audit   y18n: [ '5.0.8' ],
506 silly audit   'yargs-parser': [ '20.2.9' ],
506 silly audit   'strip-ansi': [ '6.0.1' ],
506 silly audit   'wrap-ansi': [ '7.0.0' ],
506 silly audit   'is-fullwidth-code-point': [ '3.0.0' ],
506 silly audit   'ansi-regex': [ '5.0.1' ],
506 silly audit   '@types/node-fetch': [ '2.6.13' ],
506 silly audit   string_decoder: [ '1.3.0' ],
506 silly audit   'form-data': [ '4.0.6' ],
506 silly audit   asynckit: [ '0.4.0' ],
506 silly audit   'combined-stream': [ '1.0.8' ],
506 silly audit   'mime-types': [ '2.1.35' ],
506 silly audit   'delayed-stream': [ '1.0.0' ],
506 silly audit   'mime-db': [ '1.52.0' ],
506 silly audit   'safe-buffer': [ '5.2.1' ],
506 silly audit   'sprintf-js': [ '1.0.3' ],
506 silly audit   '@tailwindcss/oxide-wasm32-wasi': [ '4.3.3' ]
506 silly audit }
507 verbose reify failed optional dependency D:\Pookiz\vividcut\node_modules\fsevents
508 silly reify mark deleted [ 'D:\\Pookiz\\vividcut\\node_modules\\fsevents' ]
509 verbose reify failed optional dependency D:\Pookiz\vividcut\node_modules\lightningcss-win32-arm64-msvc
510 silly reify mark deleted [ 'D:\\Pookiz\\vividcut\\node_modules\\lightningcss-win32-arm64-msvc' ]
511 verbose reify failed optional dependency D:\Pookiz\vividcut\node_modules\lightningcss-linux-x64-musl
512 silly reify mark deleted [ 'D:\\Pookiz\\vividcut\\node_modules\\lightningcss-linux-x64-musl' ]
513 verbose reify failed optional dependency D:\Pookiz\vividcut\node_modules\lightningcss-linux-x64-gnu
514 silly reify mark deleted [ 'D:\\Pookiz\\vividcut\\node_modules\\lightningcss-linux-x64-gnu' ]
515 verbose reify failed optional dependency D:\Pookiz\vividcut\node_modules\lightningcss-linux-arm64-musl
516 silly reify mark deleted [ 'D:\\Pookiz\\vividcut\\node_modules\\lightningcss-linux-arm64-musl' ]
517 verbose reify failed optional dependency D:\Pookiz\vividcut\node_modules\lightningcss-linux-arm64-gnu
518 silly reify mark deleted [ 'D:\\Pookiz\\vividcut\\node_modules\\lightningcss-linux-arm64-gnu' ]
519 verbose reify failed optional dependency D:\Pookiz\vividcut\node_modules\lightningcss-linux-arm-gnueabihf
520 silly reify mark deleted [
520 silly reify   'D:\\Pookiz\\vividcut\\node_modules\\lightningcss-linux-arm-gnueabihf'
520 silly reify ]
521 verbose reify failed optional dependency D:\Pookiz\vividcut\node_modules\lightningcss-freebsd-x64
522 silly reify mark deleted [ 'D:\\Pookiz\\vividcut\\node_modules\\lightningcss-freebsd-x64' ]
523 verbose reify failed optional dependency D:\Pookiz\vividcut\node_modules\lightningcss-darwin-x64
524 silly reify mark deleted [ 'D:\\Pookiz\\vividcut\\node_modules\\lightningcss-darwin-x64' ]
525 verbose reify failed optional dependency D:\Pookiz\vividcut\node_modules\lightningcss-darwin-arm64
526 silly reify mark deleted [ 'D:\\Pookiz\\vividcut\\node_modules\\lightningcss-darwin-arm64' ]
527 verbose reify failed optional dependency D:\Pookiz\vividcut\node_modules\lightningcss-android-arm64
528 silly reify mark deleted [ 'D:\\Pookiz\\vividcut\\node_modules\\lightningcss-android-arm64' ]
529 verbose reify failed optional dependency D:\Pookiz\vividcut\node_modules\@unrs\resolver-binding-win32-ia32-msvc
530 silly reify mark deleted [
530 silly reify   'D:\\Pookiz\\vividcut\\node_modules\\@unrs\\resolver-binding-win32-ia32-msvc'
530 silly reify ]
531 verbose reify failed optional dependency D:\Pookiz\vividcut\node_modules\@unrs\resolver-binding-win32-arm64-msvc
532 silly reify mark deleted [
532 silly reify   'D:\\Pookiz\\vividcut\\node_modules\\@unrs\\resolver-binding-win32-arm64-msvc'
532 silly reify ]
533 verbose reify failed optional dependency D:\Pookiz\vividcut\node_modules\@unrs\resolver-binding-wasm32-wasi
534 silly reify mark deleted [
534 silly reify   'D:\\Pookiz\\vividcut\\node_modules\\@unrs\\resolver-binding-wasm32-wasi'
534 silly reify ]
535 verbose reify failed optional dependency D:\Pookiz\vividcut\node_modules\@unrs\resolver-binding-wasm32-wasi\node_modules\@emnapi\runtime
536 silly reify mark deleted [
536 silly reify   'D:\\Pookiz\\vividcut\\node_modules\\@unrs\\resolver-binding-wasm32-wasi\\node_modules\\@emnapi\\runtime'
536 silly reify ]
537 verbose reify failed optional dependency D:\Pookiz\vividcut\node_modules\@unrs\resolver-binding-openharmony-arm64
538 silly reify mark deleted [
538 silly reify   'D:\\Pookiz\\vividcut\\node_modules\\@unrs\\resolver-binding-openharmony-arm64'
538 silly reify ]
539 verbose reify failed optional dependency D:\Pookiz\vividcut\node_modules\@unrs\resolver-binding-linux-x64-musl
540 silly reify mark deleted [
540 silly reify   'D:\\Pookiz\\vividcut\\node_modules\\@unrs\\resolver-binding-linux-x64-musl'
540 silly reify ]
541 verbose reify failed optional dependency D:\Pookiz\vividcut\node_modules\@unrs\resolver-binding-linux-x64-gnu
542 silly reify mark deleted [
542 silly reify   'D:\\Pookiz\\vividcut\\node_modules\\@unrs\\resolver-binding-linux-x64-gnu'
542 silly reify ]
543 verbose reify failed optional dependency D:\Pookiz\vividcut\node_modules\@unrs\resolver-binding-linux-s390x-gnu
544 silly reify mark deleted [
544 silly reify   'D:\\Pookiz\\vividcut\\node_modules\\@unrs\\resolver-binding-linux-s390x-gnu'
544 silly reify ]
545 verbose reify failed optional dependency D:\Pookiz\vividcut\node_modules\@unrs\resolver-binding-linux-riscv64-musl
546 silly reify mark deleted [
546 silly reify   'D:\\Pookiz\\vividcut\\node_modules\\@unrs\\resolver-binding-linux-riscv64-musl'
546 silly reify ]
547 verbose reify failed optional dependency D:\Pookiz\vividcut\node_modules\@unrs\resolver-binding-linux-riscv64-gnu
548 silly reify mark deleted [
548 silly reify   'D:\\Pookiz\\vividcut\\node_modules\\@unrs\\resolver-binding-linux-riscv64-gnu'
548 silly reify ]
549 verbose reify failed optional dependency D:\Pookiz\vividcut\node_modules\@unrs\resolver-binding-linux-ppc64-gnu
550 silly reify mark deleted [
550 silly reify   'D:\\Pookiz\\vividcut\\node_modules\\@unrs\\resolver-binding-linux-ppc64-gnu'
550 silly reify ]
551 verbose reify failed optional dependency D:\Pookiz\vividcut\node_modules\@unrs\resolver-binding-linux-loong64-musl
552 silly reify mark deleted [
552 silly reify   'D:\\Pookiz\\vividcut\\node_modules\\@unrs\\resolver-binding-linux-loong64-musl'
552 silly reify ]
553 verbose reify failed optional dependency D:\Pookiz\vividcut\node_modules\@unrs\resolver-binding-linux-loong64-gnu
554 silly reify mark deleted [
554 silly reify   'D:\\Pookiz\\vividcut\\node_modules\\@unrs\\resolver-binding-linux-loong64-gnu'
554 silly reify ]
555 verbose reify failed optional dependency D:\Pookiz\vividcut\node_modules\@unrs\resolver-binding-linux-arm64-musl
556 silly reify mark deleted [
556 silly reify   'D:\\Pookiz\\vividcut\\node_modules\\@unrs\\resolver-binding-linux-arm64-musl'
556 silly reify ]
557 verbose reify failed optional dependency D:\Pookiz\vividcut\node_modules\@unrs\resolver-binding-linux-arm64-gnu
558 silly reify mark deleted [
558 silly reify   'D:\\Pookiz\\vividcut\\node_modules\\@unrs\\resolver-binding-linux-arm64-gnu'
558 silly reify ]
559 verbose reify failed optional dependency D:\Pookiz\vividcut\node_modules\@unrs\resolver-binding-linux-arm-musleabihf
560 silly reify mark deleted [
560 silly reify   'D:\\Pookiz\\vividcut\\node_modules\\@unrs\\resolver-binding-linux-arm-musleabihf'
560 silly reify ]
561 verbose reify failed optional dependency D:\Pookiz\vividcut\node_modules\@unrs\resolver-binding-linux-arm-gnueabihf
562 silly reify mark deleted [
562 silly reify   'D:\\Pookiz\\vividcut\\node_modules\\@unrs\\resolver-binding-linux-arm-gnueabihf'
562 silly reify ]
563 verbose reify failed optional dependency D:\Pookiz\vividcut\node_modules\@unrs\resolver-binding-freebsd-x64
564 silly reify mark deleted [
564 silly reify   'D:\\Pookiz\\vividcut\\node_modules\\@unrs\\resolver-binding-freebsd-x64'
564 silly reify ]
565 verbose reify failed optional dependency D:\Pookiz\vividcut\node_modules\@unrs\resolver-binding-darwin-x64
566 silly reify mark deleted [
566 silly reify   'D:\\Pookiz\\vividcut\\node_modules\\@unrs\\resolver-binding-darwin-x64'
566 silly reify ]
567 verbose reify failed optional dependency D:\Pookiz\vividcut\node_modules\@unrs\resolver-binding-darwin-arm64
568 silly reify mark deleted [
568 silly reify   'D:\\Pookiz\\vividcut\\node_modules\\@unrs\\resolver-binding-darwin-arm64'
568 silly reify ]
569 verbose reify failed optional dependency D:\Pookiz\vividcut\node_modules\@unrs\resolver-binding-android-arm64
570 silly reify mark deleted [
570 silly reify   'D:\\Pookiz\\vividcut\\node_modules\\@unrs\\resolver-binding-android-arm64'
570 silly reify ]
571 verbose reify failed optional dependency D:\Pookiz\vividcut\node_modules\@unrs\resolver-binding-android-arm-eabi
572 silly reify mark deleted [
572 silly reify   'D:\\Pookiz\\vividcut\\node_modules\\@unrs\\resolver-binding-android-arm-eabi'
572 silly reify ]
573 verbose reify failed optional dependency D:\Pookiz\vividcut\node_modules\@tailwindcss\oxide-win32-arm64-msvc
574 silly reify mark deleted [
574 silly reify   'D:\\Pookiz\\vividcut\\node_modules\\@tailwindcss\\oxide-win32-arm64-msvc'
574 silly reify ]
575 verbose reify failed optional dependency D:\Pookiz\vividcut\node_modules\@tailwindcss\oxide-linux-x64-musl
576 silly reify mark deleted [
576 silly reify   'D:\\Pookiz\\vividcut\\node_modules\\@tailwindcss\\oxide-linux-x64-musl'
576 silly reify ]
577 verbose reify failed optional dependency D:\Pookiz\vividcut\node_modules\@tailwindcss\oxide-linux-x64-gnu
578 silly reify mark deleted [
578 silly reify   'D:\\Pookiz\\vividcut\\node_modules\\@tailwindcss\\oxide-linux-x64-gnu'
578 silly reify ]
579 verbose reify failed optional dependency D:\Pookiz\vividcut\node_modules\@tailwindcss\oxide-linux-arm64-musl
580 silly reify mark deleted [
580 silly reify   'D:\\Pookiz\\vividcut\\node_modules\\@tailwindcss\\oxide-linux-arm64-musl'
580 silly reify ]
581 verbose reify failed optional dependency D:\Pookiz\vividcut\node_modules\@tailwindcss\oxide-linux-arm64-gnu
582 silly reify mark deleted [
582 silly reify   'D:\\Pookiz\\vividcut\\node_modules\\@tailwindcss\\oxide-linux-arm64-gnu'
582 silly reify ]
583 verbose reify failed optional dependency D:\Pookiz\vividcut\node_modules\@tailwindcss\oxide-linux-arm-gnueabihf
584 silly reify mark deleted [
584 silly reify   'D:\\Pookiz\\vividcut\\node_modules\\@tailwindcss\\oxide-linux-arm-gnueabihf'
584 silly reify ]
585 verbose reify failed optional dependency D:\Pookiz\vividcut\node_modules\@tailwindcss\oxide-freebsd-x64
586 silly reify mark deleted [
586 silly reify   'D:\\Pookiz\\vividcut\\node_modules\\@tailwindcss\\oxide-freebsd-x64'
586 silly reify ]
587 verbose reify failed optional dependency D:\Pookiz\vividcut\node_modules\@tailwindcss\oxide-darwin-x64
588 silly reify mark deleted [
588 silly reify   'D:\\Pookiz\\vividcut\\node_modules\\@tailwindcss\\oxide-darwin-x64'
588 silly reify ]
589 verbose reify failed optional dependency D:\Pookiz\vividcut\node_modules\@tailwindcss\oxide-darwin-arm64
590 silly reify mark deleted [
590 silly reify   'D:\\Pookiz\\vividcut\\node_modules\\@tailwindcss\\oxide-darwin-arm64'
590 silly reify ]
591 verbose reify failed optional dependency D:\Pookiz\vividcut\node_modules\@tailwindcss\oxide-android-arm64
592 silly reify mark deleted [
592 silly reify   'D:\\Pookiz\\vividcut\\node_modules\\@tailwindcss\\oxide-android-arm64'
592 silly reify ]
593 verbose reify failed optional dependency D:\Pookiz\vividcut\node_modules\@next\swc-win32-arm64-msvc
594 silly reify mark deleted [ 'D:\\Pookiz\\vividcut\\node_modules\\@next\\swc-win32-arm64-msvc' ]
595 verbose reify failed optional dependency D:\Pookiz\vividcut\node_modules\@next\swc-linux-x64-musl
596 silly reify mark deleted [ 'D:\\Pookiz\\vividcut\\node_modules\\@next\\swc-linux-x64-musl' ]
597 verbose reify failed optional dependency D:\Pookiz\vividcut\node_modules\@next\swc-linux-x64-gnu
598 silly reify mark deleted [ 'D:\\Pookiz\\vividcut\\node_modules\\@next\\swc-linux-x64-gnu' ]
599 verbose reify failed optional dependency D:\Pookiz\vividcut\node_modules\@next\swc-linux-arm64-musl
600 silly reify mark deleted [ 'D:\\Pookiz\\vividcut\\node_modules\\@next\\swc-linux-arm64-musl' ]
601 verbose reify failed optional dependency D:\Pookiz\vividcut\node_modules\@next\swc-linux-arm64-gnu
602 silly reify mark deleted [ 'D:\\Pookiz\\vividcut\\node_modules\\@next\\swc-linux-arm64-gnu' ]
603 verbose reify failed optional dependency D:\Pookiz\vividcut\node_modules\@next\swc-darwin-x64
604 silly reify mark deleted [ 'D:\\Pookiz\\vividcut\\node_modules\\@next\\swc-darwin-x64' ]
605 verbose reify failed optional dependency D:\Pookiz\vividcut\node_modules\@next\swc-darwin-arm64
606 silly reify mark deleted [ 'D:\\Pookiz\\vividcut\\node_modules\\@next\\swc-darwin-arm64' ]
607 verbose reify failed optional dependency D:\Pookiz\vividcut\node_modules\@img\sharp-win32-ia32
608 silly reify mark deleted [ 'D:\\Pookiz\\vividcut\\node_modules\\@img\\sharp-win32-ia32' ]
609 verbose reify failed optional dependency D:\Pookiz\vividcut\node_modules\@img\sharp-win32-arm64
610 silly reify mark deleted [ 'D:\\Pookiz\\vividcut\\node_modules\\@img\\sharp-win32-arm64' ]
611 verbose reify failed optional dependency D:\Pookiz\vividcut\node_modules\@img\sharp-wasm32
612 silly reify mark deleted [ 'D:\\Pookiz\\vividcut\\node_modules\\@img\\sharp-wasm32' ]
613 verbose reify failed optional dependency D:\Pookiz\vividcut\node_modules\@img\sharp-linuxmusl-x64
614 silly reify mark deleted [ 'D:\\Pookiz\\vividcut\\node_modules\\@img\\sharp-linuxmusl-x64' ]
615 verbose reify failed optional dependency D:\Pookiz\vividcut\node_modules\@img\sharp-linuxmusl-arm64
616 silly reify mark deleted [ 'D:\\Pookiz\\vividcut\\node_modules\\@img\\sharp-linuxmusl-arm64' ]
617 verbose reify failed optional dependency D:\Pookiz\vividcut\node_modules\@img\sharp-linux-x64
618 silly reify mark deleted [ 'D:\\Pookiz\\vividcut\\node_modules\\@img\\sharp-linux-x64' ]
619 verbose reify failed optional dependency D:\Pookiz\vividcut\node_modules\@img\sharp-linux-s390x
620 silly reify mark deleted [ 'D:\\Pookiz\\vividcut\\node_modules\\@img\\sharp-linux-s390x' ]
621 verbose reify failed optional dependency D:\Pookiz\vividcut\node_modules\@img\sharp-linux-riscv64
622 silly reify mark deleted [ 'D:\\Pookiz\\vividcut\\node_modules\\@img\\sharp-linux-riscv64' ]
623 verbose reify failed optional dependency D:\Pookiz\vividcut\node_modules\@img\sharp-linux-ppc64
624 silly reify mark deleted [ 'D:\\Pookiz\\vividcut\\node_modules\\@img\\sharp-linux-ppc64' ]
625 verbose reify failed optional dependency D:\Pookiz\vividcut\node_modules\@img\sharp-linux-arm64
626 silly reify mark deleted [ 'D:\\Pookiz\\vividcut\\node_modules\\@img\\sharp-linux-arm64' ]
627 verbose reify failed optional dependency D:\Pookiz\vividcut\node_modules\@img\sharp-linux-arm
628 silly reify mark deleted [ 'D:\\Pookiz\\vividcut\\node_modules\\@img\\sharp-linux-arm' ]
629 verbose reify failed optional dependency D:\Pookiz\vividcut\node_modules\@img\sharp-libvips-linuxmusl-x64
630 silly reify mark deleted [
630 silly reify   'D:\\Pookiz\\vividcut\\node_modules\\@img\\sharp-libvips-linuxmusl-x64'
630 silly reify ]
631 verbose reify failed optional dependency D:\Pookiz\vividcut\node_modules\@img\sharp-libvips-linuxmusl-arm64
632 silly reify mark deleted [
632 silly reify   'D:\\Pookiz\\vividcut\\node_modules\\@img\\sharp-libvips-linuxmusl-arm64'
632 silly reify ]
633 verbose reify failed optional dependency D:\Pookiz\vividcut\node_modules\@img\sharp-libvips-linux-x64
634 silly reify mark deleted [ 'D:\\Pookiz\\vividcut\\node_modules\\@img\\sharp-libvips-linux-x64' ]
635 verbose reify failed optional dependency D:\Pookiz\vividcut\node_modules\@img\sharp-libvips-linux-s390x
636 silly reify mark deleted [
636 silly reify   'D:\\Pookiz\\vividcut\\node_modules\\@img\\sharp-libvips-linux-s390x'
636 silly reify ]
637 verbose reify failed optional dependency D:\Pookiz\vividcut\node_modules\@img\sharp-libvips-linux-riscv64
638 silly reify mark deleted [
638 silly reify   'D:\\Pookiz\\vividcut\\node_modules\\@img\\sharp-libvips-linux-riscv64'
638 silly reify ]
639 verbose reify failed optional dependency D:\Pookiz\vividcut\node_modules\@img\sharp-libvips-linux-ppc64
640 silly reify mark deleted [
640 silly reify   'D:\\Pookiz\\vividcut\\node_modules\\@img\\sharp-libvips-linux-ppc64'
640 silly reify ]
641 verbose reify failed optional dependency D:\Pookiz\vividcut\node_modules\@img\sharp-libvips-linux-arm64
642 silly reify mark deleted [
642 silly reify   'D:\\Pookiz\\vividcut\\node_modules\\@img\\sharp-libvips-linux-arm64'
642 silly reify ]
643 verbose reify failed optional dependency D:\Pookiz\vividcut\node_modules\@img\sharp-libvips-linux-arm
644 silly reify mark deleted [ 'D:\\Pookiz\\vividcut\\node_modules\\@img\\sharp-libvips-linux-arm' ]
645 verbose reify failed optional dependency D:\Pookiz\vividcut\node_modules\@img\sharp-libvips-darwin-x64
646 silly reify mark deleted [
646 silly reify   'D:\\Pookiz\\vividcut\\node_modules\\@img\\sharp-libvips-darwin-x64'
646 silly reify ]
647 verbose reify failed optional dependency D:\Pookiz\vividcut\node_modules\@img\sharp-libvips-darwin-arm64
648 silly reify mark deleted [
648 silly reify   'D:\\Pookiz\\vividcut\\node_modules\\@img\\sharp-libvips-darwin-arm64'
648 silly reify ]
649 verbose reify failed optional dependency D:\Pookiz\vividcut\node_modules\@img\sharp-darwin-x64
650 silly reify mark deleted [ 'D:\\Pookiz\\vividcut\\node_modules\\@img\\sharp-darwin-x64' ]
651 verbose reify failed optional dependency D:\Pookiz\vividcut\node_modules\@img\sharp-darwin-arm64
652 silly reify mark deleted [ 'D:\\Pookiz\\vividcut\\node_modules\\@img\\sharp-darwin-arm64' ]
653 http cache sprintf-js@https://registry.npmjs.org/sprintf-js/-/sprintf-js-1.0.3.tgz 0ms (cache hit)
654 http cache safe-buffer@https://registry.npmjs.org/safe-buffer/-/safe-buffer-5.2.1.tgz 0ms (cache hit)
655 http cache mime-db@https://registry.npmjs.org/mime-db/-/mime-db-1.52.0.tgz 0ms (cache hit)
656 http cache delayed-stream@https://registry.npmjs.org/delayed-stream/-/delayed-stream-1.0.0.tgz 0ms (cache hit)
657 http cache combined-stream@https://registry.npmjs.org/combined-stream/-/combined-stream-1.0.8.tgz 0ms (cache hit)
658 http cache mime-types@https://registry.npmjs.org/mime-types/-/mime-types-2.1.35.tgz 0ms (cache hit)
659 http cache form-data@https://registry.npmjs.org/form-data/-/form-data-4.0.6.tgz 0ms (cache hit)
660 http cache @types/node-fetch@https://registry.npmjs.org/@types/node-fetch/-/node-fetch-2.6.13.tgz 0ms (cache hit)
661 http cache asynckit@https://registry.npmjs.org/asynckit/-/asynckit-0.4.0.tgz 0ms (cache hit)
662 http cache string_decoder@https://registry.npmjs.org/string_decoder/-/string_decoder-1.3.0.tgz 0ms (cache hit)
663 http cache is-fullwidth-code-point@https://registry.npmjs.org/is-fullwidth-code-point/-/is-fullwidth-code-point-3.0.0.tgz 0ms (cache hit)
664 http cache ansi-regex@https://registry.npmjs.org/ansi-regex/-/ansi-regex-5.0.1.tgz 0ms (cache hit)
665 http cache wrap-ansi@https://registry.npmjs.org/wrap-ansi/-/wrap-ansi-7.0.0.tgz 0ms (cache hit)
666 http cache strip-ansi@https://registry.npmjs.org/strip-ansi/-/strip-ansi-6.0.1.tgz 0ms (cache hit)
667 http cache yargs-parser@https://registry.npmjs.org/yargs-parser/-/yargs-parser-20.2.9.tgz 0ms (cache hit)
668 http cache string-width@https://registry.npmjs.org/string-width/-/string-width-4.2.3.tgz 0ms (cache hit)
669 http cache y18n@https://registry.npmjs.org/y18n/-/y18n-5.0.8.tgz 0ms (cache hit)
670 http cache signal-exit@https://registry.npmjs.org/signal-exit/-/signal-exit-3.0.7.tgz 0ms (cache hit)
671 http cache require-directory@https://registry.npmjs.org/require-directory/-/require-directory-2.1.1.tgz 0ms (cache hit)
672 http cache get-caller-file@https://registry.npmjs.org/get-caller-file/-/get-caller-file-2.0.5.tgz 0ms (cache hit)
673 http cache cliui@https://registry.npmjs.org/cliui/-/cliui-7.0.4.tgz 0ms (cache hit)
674 http cache retry@https://registry.npmjs.org/retry/-/retry-0.12.0.tgz 0ms (cache hit)
675 http cache binary-extensions@https://registry.npmjs.org/binary-extensions/-/binary-extensions-2.3.0.tgz 0ms (cache hit)
676 http cache readdirp@https://registry.npmjs.org/readdirp/-/readdirp-3.6.0.tgz 0ms (cache hit)
677 http cache is-binary-path@https://registry.npmjs.org/is-binary-path/-/is-binary-path-2.1.0.tgz 0ms (cache hit)
678 http cache normalize-path@https://registry.npmjs.org/normalize-path/-/normalize-path-3.0.0.tgz 0ms (cache hit)
679 http cache anymatch@https://registry.npmjs.org/anymatch/-/anymatch-3.1.3.tgz 0ms (cache hit)
680 http cache proper-lockfile@https://registry.npmjs.org/proper-lockfile/-/proper-lockfile-4.1.2.tgz 0ms (cache hit)
681 http cache jsonc-parser@https://registry.npmjs.org/jsonc-parser/-/jsonc-parser-3.3.1.tgz 0ms (cache hit)
682 http cache webidl-conversions@https://registry.npmjs.org/webidl-conversions/-/webidl-conversions-3.0.1.tgz 0ms (cache hit)
683 http cache @upscalerjs/default-model@https://registry.npmjs.org/@upscalerjs/default-model/-/default-model-1.0.0.tgz 0ms (cache hit)
684 http cache tr46@https://registry.npmjs.org/tr46/-/tr46-0.0.3.tgz 0ms (cache hit)
685 http cache wireit@https://registry.npmjs.org/wireit/-/wireit-0.14.13.tgz 0ms (cache hit)
686 http cache @protobufjs/utf8@https://registry.npmjs.org/@protobufjs/utf8/-/utf8-1.1.2.tgz 0ms (cache hit)
687 http cache chokidar@https://registry.npmjs.org/chokidar/-/chokidar-3.6.0.tgz 0ms (cache hit)
688 http cache @protobufjs/pool@https://registry.npmjs.org/@protobufjs/pool/-/pool-1.1.0.tgz 0ms (cache hit)
689 http cache @protobufjs/path@https://registry.npmjs.org/@protobufjs/path/-/path-1.1.2.tgz 0ms (cache hit)
690 http cache @protobufjs/float@https://registry.npmjs.org/@protobufjs/float/-/float-1.0.2.tgz 0ms (cache hit)
691 http cache @protobufjs/fetch@https://registry.npmjs.org/@protobufjs/fetch/-/fetch-1.1.1.tgz 0ms (cache hit)
692 http cache platform@https://registry.npmjs.org/platform/-/platform-1.3.6.tgz 0ms (cache hit)
693 http cache protobufjs@https://registry.npmjs.org/protobufjs/-/protobufjs-7.6.5.tgz 0ms (cache hit)
694 http cache onnxruntime-common@https://registry.npmjs.org/onnxruntime-common/-/onnxruntime-common-1.21.0.tgz 0ms (cache hit)
695 http cache @protobufjs/codegen@https://registry.npmjs.org/@protobufjs/codegen/-/codegen-2.0.5.tgz 0ms (cache hit)
696 http cache guid-typescript@https://registry.npmjs.org/guid-typescript/-/guid-typescript-1.0.9.tgz 0ms (cache hit)
697 http cache @protobufjs/aspromise@https://registry.npmjs.org/@protobufjs/aspromise/-/aspromise-1.1.2.tgz 0ms (cache hit)
698 http cache flatbuffers@https://registry.npmjs.org/flatbuffers/-/flatbuffers-25.9.23.tgz 0ms (cache hit)
699 http cache @protobufjs/eventemitter@https://registry.npmjs.org/@protobufjs/eventemitter/-/eventemitter-1.1.1.tgz 0ms (cache hit)
700 http cache is-buffer@https://registry.npmjs.org/is-buffer/-/is-buffer-1.1.6.tgz 0ms (cache hit)
701 http cache node-fetch@https://registry.npmjs.org/node-fetch/-/node-fetch-2.6.13.tgz 0ms (cache hit)
702 http cache long@https://registry.npmjs.org/long/-/long-4.0.0.tgz 0ms (cache hit)
703 http cache whatwg-url@https://registry.npmjs.org/whatwg-url/-/whatwg-url-5.0.0.tgz 0ms (cache hit)
704 http cache iota-array@https://registry.npmjs.org/iota-array/-/iota-array-1.0.0.tgz 0ms (cache hit)
705 http cache @types/offscreencanvas@https://registry.npmjs.org/@types/offscreencanvas/-/offscreencanvas-2019.7.3.tgz 0ms (cache hit)
706 http cache @protobufjs/base64@https://registry.npmjs.org/@protobufjs/base64/-/base64-1.1.2.tgz 0ms (cache hit)
707 http cache @webgpu/types@https://registry.npmjs.org/@webgpu/types/-/types-0.1.38.tgz 0ms (cache hit)
708 http cache @types/long@https://registry.npmjs.org/@types/long/-/long-4.0.2.tgz 0ms (cache hit)
709 http cache @tensorflow/tfjs-backend-cpu@https://registry.npmjs.org/@tensorflow/tfjs-backend-cpu/-/tfjs-backend-cpu-4.22.0.tgz 0ms (cache hit)
710 http cache @types/emscripten@https://registry.npmjs.org/@types/emscripten/-/emscripten-0.0.34.tgz 0ms (cache hit)
711 http cache @types/seedrandom@https://registry.npmjs.org/@types/seedrandom/-/seedrandom-2.4.34.tgz 0ms (cache hit)
712 http cache seedrandom@https://registry.npmjs.org/seedrandom/-/seedrandom-3.0.5.tgz 0ms (cache hit)
713 http cache yargs@https://registry.npmjs.org/yargs/-/yargs-16.2.2.tgz 0ms (cache hit)
714 http cache core-js@https://registry.npmjs.org/core-js/-/core-js-3.29.1.tgz 0ms (cache hit)
715 http cache ndarray@https://registry.npmjs.org/ndarray/-/ndarray-1.0.19.tgz 0ms (cache hit)
716 http cache lodash-es@https://registry.npmjs.org/lodash-es/-/lodash-es-4.18.1.tgz 0ms (cache hit)
717 http cache regenerator-runtime@https://registry.npmjs.org/regenerator-runtime/-/regenerator-runtime-0.13.11.tgz 0ms (cache hit)
718 http cache upscaler@https://registry.npmjs.org/upscaler/-/upscaler-1.0.0.tgz 0ms (cache hit)
719 http cache @upscalerjs/esrgan-slim@https://registry.npmjs.org/@upscalerjs/esrgan-slim/-/esrgan-slim-1.0.0.tgz 0ms (cache hit)
720 http cache piexifjs@https://registry.npmjs.org/piexifjs/-/piexifjs-1.0.6.tgz 0ms (cache hit)
721 http cache lucide-react@https://registry.npmjs.org/lucide-react/-/lucide-react-1.25.0.tgz 0ms (cache hit)
722 http cache @tensorflow/tfjs-backend-webgpu@https://registry.npmjs.org/@tensorflow/tfjs-backend-webgpu/-/tfjs-backend-webgpu-4.22.0.tgz 0ms (cache hit)
723 http cache onnxruntime-web@https://registry.npmjs.org/onnxruntime-web/-/onnxruntime-web-1.21.0.tgz 0ms (cache hit)
724 http cache @tensorflow/tfjs-backend-wasm@https://registry.npmjs.org/@tensorflow/tfjs-backend-wasm/-/tfjs-backend-wasm-4.22.0.tgz 0ms (cache hit)
725 http cache canvas-confetti@https://registry.npmjs.org/canvas-confetti/-/canvas-confetti-1.9.4.tgz 0ms (cache hit)
726 http cache @tensorflow/tfjs-core@https://registry.npmjs.org/@tensorflow/tfjs-core/-/tfjs-core-4.22.0.tgz 0ms (cache hit)
727 http cache @tensorflow/tfjs@https://registry.npmjs.org/@tensorflow/tfjs/-/tfjs-4.11.0.tgz 0ms (cache hit)
728 http cache emoji-regex@https://registry.npmjs.org/emoji-regex/-/emoji-regex-8.0.0.tgz 0ms (cache hit)
729 http cache long@https://registry.npmjs.org/long/-/long-5.3.2.tgz 0ms (cache hit)
730 http cache glob-parent@https://registry.npmjs.org/glob-parent/-/glob-parent-5.1.2.tgz 0ms (cache hit)
731 http cache argparse@https://registry.npmjs.org/argparse/-/argparse-1.0.10.tgz 0ms (cache hit)
732 http cache @imgly/background-removal@https://registry.npmjs.org/@imgly/background-removal/-/background-removal-1.7.0.tgz 0ms (cache hit)
733 http cache brace-expansion@https://registry.npmjs.org/brace-expansion/-/brace-expansion-5.0.7.tgz 0ms (cache hit)
734 http cache balanced-match@https://registry.npmjs.org/balanced-match/-/balanced-match-4.0.4.tgz 0ms (cache hit)
735 http cache @webgpu/types@https://registry.npmjs.org/@webgpu/types/-/types-0.1.30.tgz 0ms (cache hit)
736 http cache @tensorflow/tfjs-data@https://registry.npmjs.org/@tensorflow/tfjs-data/-/tfjs-data-4.11.0.tgz 0ms (cache hit)
737 http cache zod@https://registry.npmjs.org/zod/-/zod-3.25.76.tgz 0ms (cache hit)
738 http cache @tensorflow/tfjs-converter@https://registry.npmjs.org/@tensorflow/tfjs-converter/-/tfjs-converter-4.11.0.tgz 0ms (cache hit)
739 http cache @tensorflow/tfjs-layers@https://registry.npmjs.org/@tensorflow/tfjs-layers/-/tfjs-layers-4.11.0.tgz 0ms (cache hit)
740 http cache @types/offscreencanvas@https://registry.npmjs.org/@types/offscreencanvas/-/offscreencanvas-2019.3.0.tgz 0ms (cache hit)
741 http cache long@https://registry.npmjs.org/long/-/long-5.3.2.tgz 0ms (cache hit)
742 http cache @emnapi/runtime@https://registry.npmjs.org/@emnapi/runtime/-/runtime-1.10.0.tgz 0ms (cache hit)
743 silly tarball no local data for sprintf-js@https://registry.npmjs.org/sprintf-js/-/sprintf-js-1.0.3.tgz. Extracting by manifest.
744 http cache @tensorflow/tfjs-backend-webgl@https://registry.npmjs.org/@tensorflow/tfjs-backend-webgl/-/tfjs-backend-webgl-4.11.0.tgz 0ms (cache hit)
745 http cache @tensorflow/tfjs-backend-cpu@https://registry.npmjs.org/@tensorflow/tfjs-backend-cpu/-/tfjs-backend-cpu-4.11.0.tgz 0ms (cache hit)
746 silly tarball no local data for safe-buffer@https://registry.npmjs.org/safe-buffer/-/safe-buffer-5.2.1.tgz. Extracting by manifest.
747 silly tarball no local data for mime-db@https://registry.npmjs.org/mime-db/-/mime-db-1.52.0.tgz. Extracting by manifest.
748 http cache @tensorflow/tfjs-core@https://registry.npmjs.org/@tensorflow/tfjs-core/-/tfjs-core-4.11.0.tgz 0ms (cache hit)
749 silly tarball no local data for delayed-stream@https://registry.npmjs.org/delayed-stream/-/delayed-stream-1.0.0.tgz. Extracting by manifest.
750 silly tarball no local data for combined-stream@https://registry.npmjs.org/combined-stream/-/combined-stream-1.0.8.tgz. Extracting by manifest.
751 silly tarball no local data for mime-types@https://registry.npmjs.org/mime-types/-/mime-types-2.1.35.tgz. Extracting by manifest.
752 silly tarball no local data for form-data@https://registry.npmjs.org/form-data/-/form-data-4.0.6.tgz. Extracting by manifest.
753 silly tarball no local data for @types/node-fetch@https://registry.npmjs.org/@types/node-fetch/-/node-fetch-2.6.13.tgz. Extracting by manifest.
754 silly tarball no local data for asynckit@https://registry.npmjs.org/asynckit/-/asynckit-0.4.0.tgz. Extracting by manifest.
755 silly tarball no local data for string_decoder@https://registry.npmjs.org/string_decoder/-/string_decoder-1.3.0.tgz. Extracting by manifest.
756 silly tarball no local data for is-fullwidth-code-point@https://registry.npmjs.org/is-fullwidth-code-point/-/is-fullwidth-code-point-3.0.0.tgz. Extracting by manifest.
757 silly tarball no local data for ansi-regex@https://registry.npmjs.org/ansi-regex/-/ansi-regex-5.0.1.tgz. Extracting by manifest.
758 silly tarball no local data for wrap-ansi@https://registry.npmjs.org/wrap-ansi/-/wrap-ansi-7.0.0.tgz. Extracting by manifest.
759 silly tarball no local data for strip-ansi@https://registry.npmjs.org/strip-ansi/-/strip-ansi-6.0.1.tgz. Extracting by manifest.
760 silly tarball no local data for yargs-parser@https://registry.npmjs.org/yargs-parser/-/yargs-parser-20.2.9.tgz. Extracting by manifest.
761 silly tarball no local data for string-width@https://registry.npmjs.org/string-width/-/string-width-4.2.3.tgz. Extracting by manifest.
762 silly tarball no local data for y18n@https://registry.npmjs.org/y18n/-/y18n-5.0.8.tgz. Extracting by manifest.
763 silly tarball no local data for signal-exit@https://registry.npmjs.org/signal-exit/-/signal-exit-3.0.7.tgz. Extracting by manifest.
764 silly tarball no local data for require-directory@https://registry.npmjs.org/require-directory/-/require-directory-2.1.1.tgz. Extracting by manifest.
765 silly tarball no local data for get-caller-file@https://registry.npmjs.org/get-caller-file/-/get-caller-file-2.0.5.tgz. Extracting by manifest.
766 silly tarball no local data for cliui@https://registry.npmjs.org/cliui/-/cliui-7.0.4.tgz. Extracting by manifest.
767 silly tarball no local data for retry@https://registry.npmjs.org/retry/-/retry-0.12.0.tgz. Extracting by manifest.
768 silly tarball no local data for binary-extensions@https://registry.npmjs.org/binary-extensions/-/binary-extensions-2.3.0.tgz. Extracting by manifest.
769 silly tarball no local data for readdirp@https://registry.npmjs.org/readdirp/-/readdirp-3.6.0.tgz. Extracting by manifest.
770 silly tarball no local data for is-binary-path@https://registry.npmjs.org/is-binary-path/-/is-binary-path-2.1.0.tgz. Extracting by manifest.
771 silly tarball no local data for normalize-path@https://registry.npmjs.org/normalize-path/-/normalize-path-3.0.0.tgz. Extracting by manifest.
772 silly tarball no local data for anymatch@https://registry.npmjs.org/anymatch/-/anymatch-3.1.3.tgz. Extracting by manifest.
773 silly tarball no local data for proper-lockfile@https://registry.npmjs.org/proper-lockfile/-/proper-lockfile-4.1.2.tgz. Extracting by manifest.
774 silly tarball no local data for jsonc-parser@https://registry.npmjs.org/jsonc-parser/-/jsonc-parser-3.3.1.tgz. Extracting by manifest.
775 silly tarball no local data for webidl-conversions@https://registry.npmjs.org/webidl-conversions/-/webidl-conversions-3.0.1.tgz. Extracting by manifest.
776 silly tarball no local data for @upscalerjs/default-model@https://registry.npmjs.org/@upscalerjs/default-model/-/default-model-1.0.0.tgz. Extracting by manifest.
777 silly tarball no local data for tr46@https://registry.npmjs.org/tr46/-/tr46-0.0.3.tgz. Extracting by manifest.
778 silly tarball no local data for wireit@https://registry.npmjs.org/wireit/-/wireit-0.14.13.tgz. Extracting by manifest.
779 silly tarball no local data for @protobufjs/utf8@https://registry.npmjs.org/@protobufjs/utf8/-/utf8-1.1.2.tgz. Extracting by manifest.
780 silly tarball no local data for chokidar@https://registry.npmjs.org/chokidar/-/chokidar-3.6.0.tgz. Extracting by manifest.
781 silly tarball no local data for @protobufjs/pool@https://registry.npmjs.org/@protobufjs/pool/-/pool-1.1.0.tgz. Extracting by manifest.
782 silly tarball no local data for @protobufjs/path@https://registry.npmjs.org/@protobufjs/path/-/path-1.1.2.tgz. Extracting by manifest.
783 silly tarball no local data for @protobufjs/float@https://registry.npmjs.org/@protobufjs/float/-/float-1.0.2.tgz. Extracting by manifest.
784 silly tarball no local data for @protobufjs/fetch@https://registry.npmjs.org/@protobufjs/fetch/-/fetch-1.1.1.tgz. Extracting by manifest.
785 silly tarball no local data for platform@https://registry.npmjs.org/platform/-/platform-1.3.6.tgz. Extracting by manifest.
786 silly tarball no local data for protobufjs@https://registry.npmjs.org/protobufjs/-/protobufjs-7.6.5.tgz. Extracting by manifest.
787 silly tarball no local data for onnxruntime-common@https://registry.npmjs.org/onnxruntime-common/-/onnxruntime-common-1.21.0.tgz. Extracting by manifest.
788 silly tarball no local data for @protobufjs/codegen@https://registry.npmjs.org/@protobufjs/codegen/-/codegen-2.0.5.tgz. Extracting by manifest.
789 silly tarball no local data for guid-typescript@https://registry.npmjs.org/guid-typescript/-/guid-typescript-1.0.9.tgz. Extracting by manifest.
790 silly tarball no local data for @protobufjs/aspromise@https://registry.npmjs.org/@protobufjs/aspromise/-/aspromise-1.1.2.tgz. Extracting by manifest.
791 silly tarball no local data for flatbuffers@https://registry.npmjs.org/flatbuffers/-/flatbuffers-25.9.23.tgz. Extracting by manifest.
792 silly tarball no local data for @protobufjs/eventemitter@https://registry.npmjs.org/@protobufjs/eventemitter/-/eventemitter-1.1.1.tgz. Extracting by manifest.
793 silly tarball no local data for is-buffer@https://registry.npmjs.org/is-buffer/-/is-buffer-1.1.6.tgz. Extracting by manifest.
794 silly tarball no local data for node-fetch@https://registry.npmjs.org/node-fetch/-/node-fetch-2.6.13.tgz. Extracting by manifest.
795 silly tarball no local data for long@https://registry.npmjs.org/long/-/long-4.0.0.tgz. Extracting by manifest.
796 silly tarball no local data for whatwg-url@https://registry.npmjs.org/whatwg-url/-/whatwg-url-5.0.0.tgz. Extracting by manifest.
797 silly tarball no local data for iota-array@https://registry.npmjs.org/iota-array/-/iota-array-1.0.0.tgz. Extracting by manifest.
798 silly tarball no local data for @types/offscreencanvas@https://registry.npmjs.org/@types/offscreencanvas/-/offscreencanvas-2019.7.3.tgz. Extracting by manifest.
799 silly tarball no local data for @protobufjs/base64@https://registry.npmjs.org/@protobufjs/base64/-/base64-1.1.2.tgz. Extracting by manifest.
800 silly tarball no local data for @webgpu/types@https://registry.npmjs.org/@webgpu/types/-/types-0.1.38.tgz. Extracting by manifest.
801 silly tarball no local data for @types/long@https://registry.npmjs.org/@types/long/-/long-4.0.2.tgz. Extracting by manifest.
802 silly tarball no local data for @tensorflow/tfjs-backend-cpu@https://registry.npmjs.org/@tensorflow/tfjs-backend-cpu/-/tfjs-backend-cpu-4.22.0.tgz. Extracting by manifest.
803 silly tarball no local data for @types/emscripten@https://registry.npmjs.org/@types/emscripten/-/emscripten-0.0.34.tgz. Extracting by manifest.
804 silly tarball no local data for @types/seedrandom@https://registry.npmjs.org/@types/seedrandom/-/seedrandom-2.4.34.tgz. Extracting by manifest.
805 silly tarball no local data for seedrandom@https://registry.npmjs.org/seedrandom/-/seedrandom-3.0.5.tgz. Extracting by manifest.
806 silly tarball no local data for yargs@https://registry.npmjs.org/yargs/-/yargs-16.2.2.tgz. Extracting by manifest.
807 silly tarball no local data for core-js@https://registry.npmjs.org/core-js/-/core-js-3.29.1.tgz. Extracting by manifest.
808 silly tarball no local data for ndarray@https://registry.npmjs.org/ndarray/-/ndarray-1.0.19.tgz. Extracting by manifest.
809 silly tarball no local data for lodash-es@https://registry.npmjs.org/lodash-es/-/lodash-es-4.18.1.tgz. Extracting by manifest.
810 silly tarball no local data for regenerator-runtime@https://registry.npmjs.org/regenerator-runtime/-/regenerator-runtime-0.13.11.tgz. Extracting by manifest.
811 silly tarball no local data for upscaler@https://registry.npmjs.org/upscaler/-/upscaler-1.0.0.tgz. Extracting by manifest.
812 silly tarball no local data for @upscalerjs/esrgan-slim@https://registry.npmjs.org/@upscalerjs/esrgan-slim/-/esrgan-slim-1.0.0.tgz. Extracting by manifest.
813 silly tarball no local data for piexifjs@https://registry.npmjs.org/piexifjs/-/piexifjs-1.0.6.tgz. Extracting by manifest.
814 silly tarball no local data for lucide-react@https://registry.npmjs.org/lucide-react/-/lucide-react-1.25.0.tgz. Extracting by manifest.
815 silly tarball no local data for @tensorflow/tfjs-backend-webgpu@https://registry.npmjs.org/@tensorflow/tfjs-backend-webgpu/-/tfjs-backend-webgpu-4.22.0.tgz. Extracting by manifest.
816 silly tarball no local data for onnxruntime-web@https://registry.npmjs.org/onnxruntime-web/-/onnxruntime-web-1.21.0.tgz. Extracting by manifest.
817 silly tarball no local data for @tensorflow/tfjs-backend-wasm@https://registry.npmjs.org/@tensorflow/tfjs-backend-wasm/-/tfjs-backend-wasm-4.22.0.tgz. Extracting by manifest.
818 silly tarball no local data for canvas-confetti@https://registry.npmjs.org/canvas-confetti/-/canvas-confetti-1.9.4.tgz. Extracting by manifest.
819 silly tarball no local data for @tensorflow/tfjs-core@https://registry.npmjs.org/@tensorflow/tfjs-core/-/tfjs-core-4.22.0.tgz. Extracting by manifest.
820 silly tarball no local data for @tensorflow/tfjs@https://registry.npmjs.org/@tensorflow/tfjs/-/tfjs-4.11.0.tgz. Extracting by manifest.
821 silly tarball no local data for emoji-regex@https://registry.npmjs.org/emoji-regex/-/emoji-regex-8.0.0.tgz. Extracting by manifest.
822 silly tarball no local data for long@https://registry.npmjs.org/long/-/long-5.3.2.tgz. Extracting by manifest.
823 silly tarball no local data for argparse@https://registry.npmjs.org/argparse/-/argparse-1.0.10.tgz. Extracting by manifest.
824 silly tarball no local data for @imgly/background-removal@https://registry.npmjs.org/@imgly/background-removal/-/background-removal-1.7.0.tgz. Extracting by manifest.
825 silly tarball no local data for @webgpu/types@https://registry.npmjs.org/@webgpu/types/-/types-0.1.30.tgz. Extracting by manifest.
826 silly tarball no local data for @tensorflow/tfjs-data@https://registry.npmjs.org/@tensorflow/tfjs-data/-/tfjs-data-4.11.0.tgz. Extracting by manifest.
827 silly tarball no local data for zod@https://registry.npmjs.org/zod/-/zod-3.25.76.tgz. Extracting by manifest.
828 silly tarball no local data for @tensorflow/tfjs-converter@https://registry.npmjs.org/@tensorflow/tfjs-converter/-/tfjs-converter-4.11.0.tgz. Extracting by manifest.
829 silly tarball no local data for @tensorflow/tfjs-layers@https://registry.npmjs.org/@tensorflow/tfjs-layers/-/tfjs-layers-4.11.0.tgz. Extracting by manifest.
830 silly tarball no local data for @types/offscreencanvas@https://registry.npmjs.org/@types/offscreencanvas/-/offscreencanvas-2019.3.0.tgz. Extracting by manifest.
831 silly tarball no local data for long@https://registry.npmjs.org/long/-/long-5.3.2.tgz. Extracting by manifest.
832 silly tarball no local data for @tensorflow/tfjs-backend-webgl@https://registry.npmjs.org/@tensorflow/tfjs-backend-webgl/-/tfjs-backend-webgl-4.11.0.tgz. Extracting by manifest.
833 silly tarball no local data for @tensorflow/tfjs-backend-cpu@https://registry.npmjs.org/@tensorflow/tfjs-backend-cpu/-/tfjs-backend-cpu-4.11.0.tgz. Extracting by manifest.
834 silly tarball no local data for @tensorflow/tfjs-core@https://registry.npmjs.org/@tensorflow/tfjs-core/-/tfjs-core-4.11.0.tgz. Extracting by manifest.
835 http fetch GET 200 https://registry.npmjs.org/delayed-stream/-/delayed-stream-1.0.0.tgz 131ms (cache miss)
836 http fetch GET 200 https://registry.npmjs.org/ansi-regex/-/ansi-regex-5.0.1.tgz 146ms (cache miss)
837 http fetch GET 200 https://registry.npmjs.org/wrap-ansi/-/wrap-ansi-7.0.0.tgz 158ms (cache miss)
838 http fetch GET 200 https://registry.npmjs.org/is-fullwidth-code-point/-/is-fullwidth-code-point-3.0.0.tgz 162ms (cache miss)
839 http fetch GET 200 https://registry.npmjs.org/combined-stream/-/combined-stream-1.0.8.tgz 165ms (cache miss)
840 http fetch GET 200 https://registry.npmjs.org/string_decoder/-/string_decoder-1.3.0.tgz 170ms (cache miss)
841 http fetch GET 200 https://registry.npmjs.org/strip-ansi/-/strip-ansi-6.0.1.tgz 170ms (cache miss)
842 http fetch GET 200 https://registry.npmjs.org/asynckit/-/asynckit-0.4.0.tgz 171ms (cache miss)
843 http fetch GET 200 https://registry.npmjs.org/mime-types/-/mime-types-2.1.35.tgz 178ms (cache miss)
844 http fetch GET 200 https://registry.npmjs.org/safe-buffer/-/safe-buffer-5.2.1.tgz 183ms (cache miss)
845 http fetch GET 200 https://registry.npmjs.org/mime-db/-/mime-db-1.52.0.tgz 186ms (cache miss)
846 http fetch GET 200 https://registry.npmjs.org/form-data/-/form-data-4.0.6.tgz 189ms (cache miss)
847 http fetch GET 200 https://registry.npmjs.org/sprintf-js/-/sprintf-js-1.0.3.tgz 194ms (cache miss)
848 http fetch GET 200 https://registry.npmjs.org/string-width/-/string-width-4.2.3.tgz 243ms (cache miss)
849 http fetch GET 200 https://registry.npmjs.org/signal-exit/-/signal-exit-3.0.7.tgz 250ms (cache miss)
850 http fetch GET 200 https://registry.npmjs.org/require-directory/-/require-directory-2.1.1.tgz 259ms (cache miss)
851 http fetch GET 200 https://registry.npmjs.org/get-caller-file/-/get-caller-file-2.0.5.tgz 259ms (cache miss)
852 http fetch GET 200 https://registry.npmjs.org/binary-extensions/-/binary-extensions-2.3.0.tgz 260ms (cache miss)
853 http fetch GET 200 https://registry.npmjs.org/yargs-parser/-/yargs-parser-20.2.9.tgz 265ms (cache miss)
854 http fetch GET 200 https://registry.npmjs.org/y18n/-/y18n-5.0.8.tgz 278ms (cache miss)
855 http fetch GET 200 https://registry.npmjs.org/readdirp/-/readdirp-3.6.0.tgz 279ms (cache miss)
856 http fetch GET 200 https://registry.npmjs.org/is-binary-path/-/is-binary-path-2.1.0.tgz 280ms (cache miss)
857 http fetch GET 200 https://registry.npmjs.org/normalize-path/-/normalize-path-3.0.0.tgz 280ms (cache miss)
858 http fetch GET 200 https://registry.npmjs.org/cliui/-/cliui-7.0.4.tgz 284ms (cache miss)
859 http fetch GET 200 https://registry.npmjs.org/retry/-/retry-0.12.0.tgz 292ms (cache miss)
860 http fetch GET 200 https://registry.npmjs.org/anymatch/-/anymatch-3.1.3.tgz 322ms (cache miss)
861 http fetch POST 200 https://registry.npmjs.org/-/npm/v1/security/advisories/bulk 383ms
862 silly audit report {
862 silly audit report   postcss: [
862 silly audit report     {
862 silly audit report       id: 1117015,
862 silly audit report       url: 'https://github.com/advisories/GHSA-qx2v-qp2m-jg93',
862 silly audit report       title: 'PostCSS has XSS via Unescaped </style> in its CSS Stringify Output',
862 silly audit report       severity: 'moderate',
862 silly audit report       vulnerable_versions: '<8.5.10',
862 silly audit report       cwe: [Array],
862 silly audit report       cvss: [Object]
862 silly audit report     }
862 silly audit report   ]
862 silly audit report }
863 silly packumentCache corgi:https://registry.npmjs.org/postcss cache-miss
864 http cache https://registry.npmjs.org/postcss 7ms (cache hit)
865 silly packumentCache corgi:https://registry.npmjs.org/postcss set size:348705 disposed:false
866 silly packumentCache corgi:https://registry.npmjs.org/next cache-miss
867 http fetch GET 200 https://registry.npmjs.org/proper-lockfile/-/proper-lockfile-4.1.2.tgz 359ms (cache miss)
868 http fetch GET 200 https://registry.npmjs.org/webidl-conversions/-/webidl-conversions-3.0.1.tgz 360ms (cache miss)
869 http cache https://registry.npmjs.org/next 52ms (cache hit)
870 silly packumentCache corgi:https://registry.npmjs.org/next set size:25371304 disposed:false
871 http fetch GET 200 https://registry.npmjs.org/@types/node-fetch/-/node-fetch-2.6.13.tgz 752ms (cache miss)
872 http fetch GET 200 https://registry.npmjs.org/@protobufjs/path/-/path-1.1.2.tgz 744ms (cache miss)
873 http fetch GET 200 https://registry.npmjs.org/@protobufjs/pool/-/pool-1.1.0.tgz 745ms (cache miss)
874 http fetch GET 200 https://registry.npmjs.org/guid-typescript/-/guid-typescript-1.0.9.tgz 743ms (cache miss)
875 http fetch GET 200 https://registry.npmjs.org/platform/-/platform-1.3.6.tgz 747ms (cache miss)
876 http fetch GET 200 https://registry.npmjs.org/@protobufjs/codegen/-/codegen-2.0.5.tgz 750ms (cache miss)
877 http fetch GET 200 https://registry.npmjs.org/@protobufjs/float/-/float-1.0.2.tgz 758ms (cache miss)
878 http fetch GET 200 https://registry.npmjs.org/chokidar/-/chokidar-3.6.0.tgz 760ms (cache miss)
879 http fetch GET 200 https://registry.npmjs.org/@protobufjs/fetch/-/fetch-1.1.1.tgz 760ms (cache miss)
880 http fetch GET 200 https://registry.npmjs.org/@protobufjs/utf8/-/utf8-1.1.2.tgz 762ms (cache miss)
881 http fetch GET 200 https://registry.npmjs.org/tr46/-/tr46-0.0.3.tgz 766ms (cache miss)
882 http fetch GET 200 https://registry.npmjs.org/jsonc-parser/-/jsonc-parser-3.3.1.tgz 778ms (cache miss)
883 http fetch GET 200 https://registry.npmjs.org/wireit/-/wireit-0.14.13.tgz 823ms (cache miss)
884 http fetch GET 200 https://registry.npmjs.org/is-buffer/-/is-buffer-1.1.6.tgz 852ms (cache miss)
885 http fetch GET 200 https://registry.npmjs.org/iota-array/-/iota-array-1.0.0.tgz 862ms (cache miss)
886 http fetch GET 200 https://registry.npmjs.org/@protobufjs/eventemitter/-/eventemitter-1.1.1.tgz 867ms (cache miss)
887 http fetch GET 200 https://registry.npmjs.org/whatwg-url/-/whatwg-url-5.0.0.tgz 878ms (cache miss)
888 http fetch GET 200 https://registry.npmjs.org/node-fetch/-/node-fetch-2.6.13.tgz 891ms (cache miss)
889 http fetch GET 200 https://registry.npmjs.org/@protobufjs/aspromise/-/aspromise-1.1.2.tgz 893ms (cache miss)
890 http fetch GET 200 https://registry.npmjs.org/long/-/long-4.0.0.tgz 892ms (cache miss)
891 http fetch GET 200 https://registry.npmjs.org/@protobufjs/base64/-/base64-1.1.2.tgz 901ms (cache miss)
892 http fetch GET 200 https://registry.npmjs.org/flatbuffers/-/flatbuffers-25.9.23.tgz 986ms (cache miss)
893 http fetch GET 200 https://registry.npmjs.org/onnxruntime-common/-/onnxruntime-common-1.21.0.tgz 1004ms (cache miss)
894 http fetch GET 200 https://registry.npmjs.org/ndarray/-/ndarray-1.0.19.tgz 1070ms (cache miss)
895 http fetch GET 200 https://registry.npmjs.org/regenerator-runtime/-/regenerator-runtime-0.13.11.tgz 1156ms (cache miss)
896 http fetch GET 200 https://registry.npmjs.org/yargs/-/yargs-16.2.2.tgz 1206ms (cache miss)
897 http fetch GET 200 https://registry.npmjs.org/protobufjs/-/protobufjs-7.6.5.tgz 1271ms (cache miss)
898 http fetch GET 200 https://registry.npmjs.org/@types/offscreencanvas/-/offscreencanvas-2019.7.3.tgz 1345ms (cache miss)
899 http fetch GET 200 https://registry.npmjs.org/@types/long/-/long-4.0.2.tgz 1411ms (cache miss)
900 http fetch GET 200 https://registry.npmjs.org/@types/seedrandom/-/seedrandom-2.4.34.tgz 1411ms (cache miss)
901 http fetch GET 200 https://registry.npmjs.org/@webgpu/types/-/types-0.1.38.tgz 1413ms (cache miss)
902 http fetch GET 200 https://registry.npmjs.org/@types/emscripten/-/emscripten-0.0.34.tgz 1414ms (cache miss)
903 http fetch GET 200 https://registry.npmjs.org/seedrandom/-/seedrandom-3.0.5.tgz 1429ms (cache miss)
904 http fetch GET 200 https://registry.npmjs.org/canvas-confetti/-/canvas-confetti-1.9.4.tgz 1624ms (cache miss)
905 http fetch GET 200 https://registry.npmjs.org/emoji-regex/-/emoji-regex-8.0.0.tgz 1642ms (cache miss)
906 http fetch GET 200 https://registry.npmjs.org/long/-/long-5.3.2.tgz 1659ms (cache miss)
907 http fetch GET 200 https://registry.npmjs.org/piexifjs/-/piexifjs-1.0.6.tgz 1688ms (cache miss)
908 http fetch GET 200 https://registry.npmjs.org/argparse/-/argparse-1.0.10.tgz 1694ms (cache miss)
909 http fetch GET 200 https://registry.npmjs.org/upscaler/-/upscaler-1.0.0.tgz 1768ms (cache miss)
910 http fetch GET 200 https://registry.npmjs.org/lodash-es/-/lodash-es-4.18.1.tgz 2224ms (cache miss)
911 http fetch GET 200 https://registry.npmjs.org/zod/-/zod-3.25.76.tgz 3642ms (cache miss)
912 http fetch GET 200 https://registry.npmjs.org/@upscalerjs/default-model/-/default-model-1.0.0.tgz 3726ms (cache miss)
913 http fetch GET 200 https://registry.npmjs.org/@types/offscreencanvas/-/offscreencanvas-2019.3.0.tgz 3765ms (cache miss)
914 http fetch GET 200 https://registry.npmjs.org/long/-/long-5.3.2.tgz 3929ms (cache miss)
915 http fetch GET 200 https://registry.npmjs.org/core-js/-/core-js-3.29.1.tgz 4976ms (cache miss)
916 http fetch GET 200 https://registry.npmjs.org/@tensorflow/tfjs-backend-webgpu/-/tfjs-backend-webgpu-4.22.0.tgz 6047ms (cache miss)
917 http fetch GET 200 https://registry.npmjs.org/lucide-react/-/lucide-react-1.25.0.tgz 6255ms (cache miss)
918 http fetch GET 200 https://registry.npmjs.org/@imgly/background-removal/-/background-removal-1.7.0.tgz 7163ms (cache miss)
919 http fetch GET 200 https://registry.npmjs.org/@webgpu/types/-/types-0.1.30.tgz 7606ms (cache miss)
920 http fetch GET 200 https://registry.npmjs.org/@tensorflow/tfjs-backend-cpu/-/tfjs-backend-cpu-4.11.0.tgz 9343ms (cache miss)
921 http fetch GET 200 https://registry.npmjs.org/@tensorflow/tfjs-backend-cpu/-/tfjs-backend-cpu-4.22.0.tgz 9668ms (cache miss)
922 http fetch GET 200 https://registry.npmjs.org/@tensorflow/tfjs-data/-/tfjs-data-4.11.0.tgz 9783ms (cache miss)
923 http fetch GET 200 https://registry.npmjs.org/@tensorflow/tfjs-backend-wasm/-/tfjs-backend-wasm-4.22.0.tgz 10381ms (cache miss)
924 http fetch GET 200 https://registry.npmjs.org/@tensorflow/tfjs-converter/-/tfjs-converter-4.11.0.tgz 12593ms (cache miss)
925 http fetch GET 200 https://registry.npmjs.org/@tensorflow/tfjs-core/-/tfjs-core-4.11.0.tgz 14544ms (cache miss)
926 http fetch GET 200 https://registry.npmjs.org/@tensorflow/tfjs-core/-/tfjs-core-4.22.0.tgz 15756ms (cache miss)
927 http fetch GET 200 https://registry.npmjs.org/@tensorflow/tfjs-backend-webgl/-/tfjs-backend-webgl-4.11.0.tgz 15785ms (cache miss)
928 http fetch GET 200 https://registry.npmjs.org/@upscalerjs/esrgan-slim/-/esrgan-slim-1.0.0.tgz 17197ms (cache miss)
929 http fetch GET 200 https://registry.npmjs.org/@tensorflow/tfjs-layers/-/tfjs-layers-4.11.0.tgz 19564ms (cache miss)
930 http fetch GET 200 https://registry.npmjs.org/onnxruntime-web/-/onnxruntime-web-1.21.0.tgz 29393ms (cache miss)
931 http fetch GET 200 https://registry.npmjs.org/@tensorflow/tfjs/-/tfjs-4.11.0.tgz 40933ms (cache miss)
932 info run core-js@3.29.1 postinstall node_modules/core-js node -e "try{require('./postinstall')}catch(e){}"
933 info run protobufjs@7.6.5 postinstall node_modules/protobufjs node scripts/postinstall
934 info run protobufjs@7.6.5 postinstall { code: 0, signal: null }
935 info run core-js@3.29.1 postinstall { code: 0, signal: null }
936 silly ADD node_modules/sprintf-js
937 silly ADD node_modules/safe-buffer
938 silly ADD node_modules/mime-db
939 silly ADD node_modules/delayed-stream
940 silly ADD node_modules/mime-types
941 silly ADD node_modules/combined-stream
942 silly ADD node_modules/asynckit
943 silly ADD node_modules/form-data
944 silly ADD node_modules/string_decoder
945 silly ADD node_modules/@types/node-fetch
946 silly ADD node_modules/ansi-regex
947 silly ADD node_modules/is-fullwidth-code-point
948 silly ADD node_modules/wrap-ansi
949 silly ADD node_modules/strip-ansi
950 silly ADD node_modules/yargs-parser
951 silly ADD node_modules/y18n
952 silly ADD node_modules/string-width
953 silly ADD node_modules/string-width/node_modules/emoji-regex
954 silly ADD node_modules/require-directory
955 silly ADD node_modules/get-caller-file
956 silly ADD node_modules/cliui
957 silly ADD node_modules/signal-exit
958 silly ADD node_modules/retry
959 silly ADD node_modules/binary-extensions
960 silly ADD node_modules/readdirp
961 silly ADD node_modules/normalize-path
962 silly ADD node_modules/is-binary-path
963 silly ADD
964 silly ADD node_modules/anymatch
965 silly ADD node_modules/proper-lockfile
966 silly ADD node_modules/jsonc-parser
967 silly ADD node_modules/chokidar
968 silly ADD node_modules/chokidar/node_modules/glob-parent
969 silly ADD node_modules/webidl-conversions
970 silly ADD node_modules/tr46
971 silly ADD node_modules/wireit
972 silly ADD node_modules/wireit/node_modules/balanced-match
973 silly ADD node_modules/wireit/node_modules/brace-expansion
974 silly ADD node_modules/@upscalerjs/default-model
975 silly ADD node_modules/@protobufjs/utf8
976 silly ADD node_modules/@protobufjs/pool
977 silly ADD node_modules/@protobufjs/path
978 silly ADD node_modules/@protobufjs/float
979 silly ADD node_modules/@protobufjs/fetch
980 silly ADD node_modules/@protobufjs/eventemitter
981 silly ADD node_modules/@protobufjs/codegen
982 silly ADD node_modules/@protobufjs/base64
983 silly ADD node_modules/@protobufjs/aspromise
984 silly ADD node_modules/protobufjs
985 silly ADD node_modules/protobufjs/node_modules/long
986 silly ADD node_modules/platform
987 silly ADD node_modules/onnxruntime-common
988 silly ADD node_modules/guid-typescript
989 silly ADD node_modules/flatbuffers
990 silly ADD node_modules/whatwg-url
991 silly ADD node_modules/is-buffer
992 silly ADD node_modules/iota-array
993 silly ADD node_modules/node-fetch
994 silly ADD node_modules/long
995 silly ADD node_modules/@webgpu/types
996 silly ADD node_modules/@types/offscreencanvas
997 silly ADD node_modules/@types/long
998 silly ADD node_modules/@types/seedrandom
999 silly ADD node_modules/@types/emscripten
1000 silly ADD node_modules/@tensorflow/tfjs-backend-cpu
1001 silly ADD node_modules/yargs
1002 silly ADD node_modules/regenerator-runtime
1003 silly ADD node_modules/core-js
1004 silly ADD node_modules/seedrandom
1005 silly ADD node_modules/ndarray
1006 silly ADD node_modules/lodash-es
1007 silly ADD node_modules/upscaler
1008 silly ADD node_modules/piexifjs
1009 silly ADD node_modules/lucide-react
1010 silly ADD node_modules/canvas-confetti
1011 silly ADD node_modules/@upscalerjs/esrgan-slim
1012 silly ADD node_modules/@tensorflow/tfjs-backend-webgpu
1013 silly ADD node_modules/@tensorflow/tfjs-core
1014 silly ADD node_modules/@tensorflow/tfjs-backend-wasm
1015 silly ADD node_modules/@tensorflow/tfjs
1016 silly ADD node_modules/@tensorflow/tfjs/node_modules/@webgpu/types
1017 silly ADD node_modules/@tensorflow/tfjs/node_modules/argparse
1018 silly ADD node_modules/@tensorflow/tfjs/node_modules/@tensorflow/tfjs-layers
1019 silly ADD node_modules/@tensorflow/tfjs/node_modules/@tensorflow/tfjs-data
1020 silly ADD node_modules/@tensorflow/tfjs/node_modules/@tensorflow/tfjs-converter
1021 silly ADD node_modules/@tensorflow/tfjs/node_modules/@tensorflow/tfjs-backend-webgl
1022 silly ADD node_modules/@tensorflow/tfjs/node_modules/@tensorflow/tfjs-backend-webgl/node_modules/@types/offscreencanvas
1023 silly ADD node_modules/@tensorflow/tfjs/node_modules/@tensorflow/tfjs-core
1024 silly ADD node_modules/@tensorflow/tfjs/node_modules/@tensorflow/tfjs-backend-cpu
1025 silly ADD node_modules/onnxruntime-web
1026 silly ADD node_modules/onnxruntime-web/node_modules/long
1027 silly ADD node_modules/@imgly/background-removal
1028 silly ADD node_modules/@imgly/background-removal/node_modules/zod
1029 silly ADD
1030 silly ADD
1031 silly ADD
1032 silly ADD
1033 silly ADD
1034 silly ADD
1035 silly ADD
1036 silly ADD
1037 silly ADD
1038 silly ADD
1039 silly ADD
1040 silly ADD
1041 silly ADD
1042 silly ADD node_modules/@emnapi/runtime
1043 silly ADD
1044 silly ADD
1045 silly ADD
1046 silly ADD
1047 silly ADD
1048 silly ADD
1049 silly ADD
1050 silly ADD
1051 silly ADD
1052 silly ADD
1053 silly ADD
1054 silly ADD
1055 silly ADD
1056 silly ADD
1057 silly ADD
1058 silly ADD
1059 silly ADD
1060 silly ADD
1061 silly ADD
1062 silly ADD
1063 silly ADD
1064 silly ADD
1065 silly ADD
1066 silly ADD
1067 silly ADD
1068 silly ADD
1069 silly ADD
1070 silly ADD
1071 silly ADD
1072 silly ADD
1073 silly ADD
1074 silly ADD
1075 silly ADD
1076 silly ADD
1077 silly ADD
1078 silly ADD
1079 silly ADD
1080 silly ADD
1081 silly ADD
1082 silly ADD
1083 silly ADD
1084 silly ADD
1085 silly ADD
1086 silly ADD
1087 silly ADD
1088 silly ADD
1089 silly ADD
1090 silly ADD
1091 silly ADD
1092 silly ADD
1093 silly ADD
1094 silly ADD
1095 silly ADD
1096 silly ADD
1097 silly ADD
1098 silly ADD
1099 silly ADD
1100 silly ADD
1101 silly ADD
1102 verbose cwd D:\Pookiz\vividcut
1103 verbose os Windows_NT 10.0.26200
1104 verbose node v22.14.0
1105 verbose npm  v10.9.2
1106 verbose exit 0
1107 info ok
